employee_id,employee_code,full_name,date_of_birth,gender,place_of_birth,ethnicity,religion,marital_status,phone_number,personal_email,company_email,password_hash,permanent_address,current_address,nationality_id,avatar_url,bank_account,bank_id,bank_branch,emergency_contact_name,emergency_contact_phone,emergency_contact_relation,status,hire_date,seniority_start_date,base_leave_days,last_seniority_calc,resignation_date,created_at,updated_at,created_by,updated_by
1,NV0001,"Nguyễn Văn An",1990-05-15,NAM,"H? N?i",Kinh,Kh?ng,??_K?T_H?N,0912345678,an.nguyen@gmail.com,an.nguyen@company.com,$2y$10$8MCAGDdeXY0m8BE9jd4YH.GNCPZ2L2rBlwfGic5Hq6O9.Z2ldaWl6,"S? 1, ???ng A, Q.1, TP.HCM","S? 10, ???ng B, Q.2, TP.HCM",1,,123456789,1,"Chi nh?nh H? N?i","Tr?n Th? B?nh",0987654321,V?,ĐANG_LÀM_VIỆC,2015-06-01,2015-06-01,12.00,,,"2026-04-15 01:44:34","2026-04-23 12:23:12",,
2,NV0002,"Trần Thị Mai",1992-08-20,N?,"H?i Ph?ng",Kinh,"Ph?t gi?o",??C_TH?N,0923456789,mai.tran@gmail.com,mai.tran@company.com,,"S? 2, ???ng C, H?i Ph?ng","S? 20, ???ng D, Q.3, TP.HCM",1,,234567891,2,"Chi nh?nh H?i Ph?ng","Nguy?n V?n H?ng",0976543210,B?,ĐANG_LÀM_VIỆC,2016-03-15,2016-03-15,12.00,,,"2026-04-15 01:44:34","2026-04-23 12:23:12",,
3,NV0003,"Lê Văn Cường",1988-11-10,NAM,"?? N?ng",Kinh,"Thi?n ch?a gi?o",??_K?T_H?N,0934567891,cuong.le@gmail.com,cuong.le@company.com,$2y$10$mlZ8sp3QDX/TcipjerC0DuXRmkTHCphvhOTDuWRrxjl0YHVPIT8DK,"S? 3, ???ng E, ?? N?ng","S? 30, ???ng F, Q.4, TP.HCM",1,,345678912,3,"Chi nh?nh ?? N?ng","Ph?m Th? Lan",0965432109,V?,ĐANG_LÀM_VIỆC,2014-09-01,2014-09-01,12.00,,,"2026-04-15 01:44:34","2026-04-23 12:23:12",,
4,NV0004,"Phạm Thị Hương",1991-02-28,N?,"C?n Th?",Kinh,Kh?ng,??_K?T_H?N,0945678901,huong.pham@gmail.com,huong.pham@company.com,,"S? 4, ???ng G, C?n Th?","S? 40, ???ng H, Q.5, TP.HCM",1,,456789123,4,"Chi nh?nh C?n Th?","L? V?n H?i",0954321098,Ch?ng,ĐANG_LÀM_VIỆC,2015-11-01,2015-11-01,12.00,,,"2026-04-15 01:44:34","2026-04-23 12:23:12",,
5,NV0005,"Hoàng Văn Đức",1989-07-12,NAM,Hu?,Kinh,"Ph?t gi?o",??_K?T_H?N,0956789012,duc.hoang@gmail.com,duc.hoang@company.com,$2y$10$f5UBHCNMxGChaiK7DMMr8.EQjIi./IBC8tRzME.pHvy.gi2iGNHwe,"S? 5, ???ng I, Hu?","S? 50, ???ng K, Q.6, TP.HCM",1,,567891234,5,"Chi nh?nh Hu?","Ho?ng Th? Hoa",0943210987,M?,ĐANG_LÀM_VIỆC,2013-04-01,2013-04-01,12.00,,,"2026-04-15 01:44:34","2026-04-23 12:23:12",,
6,NV0006,"Đặng Thị Ngọc",1993-12-05,N?,"Nha Trang",Kinh,Kh?ng,??_K?T_H?N,0967890123,ngoc.dang@gmail.com,ngoc.dang@company.com,,"S? 6, ???ng L, Nha Trang","S? 60, ???ng M, Q.7, TP.HCM",1,,678912345,6,"Chi nh?nh Nha Trang","??ng V?n Th?nh",0932109876,B?,ĐANG_LÀM_VIỆC,2016-07-01,2016-07-01,12.00,,,"2026-04-15 01:44:34","2026-04-23 12:23:12",,
7,NV0007,"Bùi Văn Quân",1987-09-18,NAM,"Qu?ng Ninh",Kinh,"Ph?t gi?o",??_K?T_H?N,0978901234,quan.bui@gmail.com,quan.bui@company.com,,"S? 7, ???ng N, Qu?ng Ninh","S? 70, ???ng P, Q.8, TP.HCM",1,,789123456,7,"Chi nh?nh Qu?ng Ninh","B?i Th? Thanh",0921098765,V?,ĐANG_LÀM_VIỆC,2012-10-01,2012-10-01,12.00,,,"2026-04-15 01:44:34","2026-04-23 12:23:12",,
8,NV0008,"Vũ Thị Lan",1994-04-22,N?,"B?c Ninh",Kinh,Kh?ng,??C_TH?N,0989012345,lan.vu@gmail.com,lan.vu@company.com,,"S? 8, ???ng Q, B?c Ninh","S? 80, ???ng R, Q.9, TP.HCM",1,,891234567,8,"Chi nh?nh B?c Ninh","V? V?n To?n",0910987654,"Anh trai",ĐANG_LÀM_VIỆC,2017-02-01,2017-02-01,12.00,,,"2026-04-15 01:44:34","2026-04-23 12:23:12",,
9,NV0009,"Đỗ Văn Hải",1986-06-30,NAM,"H? Nam",Kinh,"Thi?n ch?a gi?o",??_K?T_H?N,0990123456,hai.do@gmail.com,hai.do@company.com,$2y$10$D3ZTbrT8W6pq.WJgjwd8FuuESHc0l9dJHUaO6Tw8787GP3t.cl2pm,"S? 9, ???ng S, H? Nam","S? 90, ???ng T, Q.10, TP.HCM",1,,912345678,9,"Chi nh?nh H? Nam","?? Th? H?ng",0909876543,V?,ĐANG_LÀM_VIỆC,2011-05-01,2011-05-01,12.00,,,"2026-04-15 01:44:34","2026-04-23 12:23:12",,
10,NV0010,"Lý Thị Hoa",1995-10-15,N?,"L?ng S?n",T?y,"Ph?t gi?o",??C_TH?N,0901234567,hoa.ly@gmail.com,hoa.ly@company.com,,"S? 10, ???ng U, L?ng S?n","S? 100, ???ng V, Q.11, TP.HCM",1,,123456780,10,"Chi nh?nh L?ng S?n","L? V?n C??ng",0898765432,B?,ĐANG_LÀM_VIỆC,2018-08-01,2018-08-01,12.00,,,"2026-04-15 01:44:34","2026-04-23 12:23:12",,
11,NV0011,"Ngô Văn Tùng",1985-03-08,NAM,"Nam ??nh",Kinh,Kh?ng,??_K?T_H?N,0912345670,tung.ngo@gmail.com,tung.ngo@company.com,,"S? 11, ???ng W, Nam ??nh","S? 110, ???ng X, Q.12, TP.HCM",1,,234567801,1,"Chi nh?nh Nam ??nh","Ng? Th? Thu",0887654321,V?,ĐANG_LÀM_VIỆC,2010-01-01,2010-01-01,12.00,,,"2026-04-15 01:44:34","2026-04-23 12:23:12",,
12,NV0012,"Dương Thị Hồng",1992-11-25,N?,"Th?i B?nh",Kinh,"Ph?t gi?o",??_K?T_H?N,0923456780,hong.duong@gmail.com,hong.duong@company.com,,"S? 12, ???ng Y, Th?i B?nh","S? 120, ???ng Z, Th? ??c",1,,345678012,2,"Chi nh?nh Th?i B?nh","D??ng V?n H?ng",0876543210,B?,ĐANG_LÀM_VIỆC,2016-09-01,2016-09-01,12.00,,,"2026-04-15 01:44:34","2026-04-23 12:23:12",,
13,NV0013,"Trịnh Văn Phúc",1988-07-19,NAM,"Thanh H?a",Kinh,"Thi?n ch?a gi?o",??C_TH?N,0934567890,phuc.trinh@gmail.com,phuc.trinh@company.com,,"S? 13, ???ng AB, Thanh H?a","S? 130, ???ng AC, B?nh Th?nh",1,,456789123,3,"Chi nh?nh Thanh H?a","Tr?nh Th? Lan",0865432109,M?,ĐANG_LÀM_VIỆC,2014-04-01,2014-04-01,12.00,,,"2026-04-15 01:44:34","2026-04-23 12:23:12",,
14,NV0014,"Đinh Thị Nhung",1990-09-14,N?,"Ngh? An",Kinh,Kh?ng,??_K?T_H?N,0945678900,nhung.dinh@gmail.com,nhung.dinh@company.com,$2y$10$lgkbq94I9rSU0.zfTAHJ6u341LiN0AHo/fuDEwfKEAjJhHcWwDuo6,"S? 14, ???ng AD, Ngh? An","S? 140, ???ng AE, G? V?p",1,,567891234,4,"Chi nh?nh Ngh? An","?inh V?n Nam",0854321098,Ch?ng,ĐANG_LÀM_VIỆC,2015-05-15,2015-05-15,12.00,,,"2026-04-15 01:44:34","2026-04-23 12:23:12",,
15,NV0015,"Lương Văn Kiên",1984-12-03,NAM,"H? T?nh",Kinh,"Ph?t gi?o",??_K?T_H?N,0956789010,kien.luong@gmail.com,kien.luong@company.com,,"S? 15, ???ng AF, H? T?nh","S? 150, ???ng AG, T?n B?nh",1,,678912345,5,"Chi nh?nh H? T?nh","L??ng Th? H?",0843210987,V?,ĐANG_LÀM_VIỆC,2009-08-10,2009-08-10,12.00,,,"2026-04-15 01:44:34","2026-04-23 12:23:12",,
16,NV0016,"Mai Thị Quỳnh",1993-01-27,N?,"Qu?ng B?nh",Kinh,Kh?ng,??C_TH?N,0967890120,quynh.mai@gmail.com,quynh.mai@company.com,,"S? 16, ???ng AH, Qu?ng B?nh","S? 160, ???ng AI, Ph? Nhu?n",1,,789123456,6,"Chi nh?nh Qu?ng B?nh","Mai V?n ??c",0832109876,B?,ĐANG_LÀM_VIỆC,2017-03-20,2017-03-20,12.00,,,"2026-04-15 01:44:34","2026-04-23 12:23:12",,
17,NV0017,"Hà Văn Phát",1989-05-02,NAM,"Qu?ng Tr?",Kinh,"Thi?n ch?a gi?o",??_K?T_H?N,0978901230,phat.ha@gmail.com,phat.ha@company.com,,"S? 17, ???ng AJ, Qu?ng Tr?","S? 170, ???ng AK, T?n Ph?",1,,891234567,7,"Chi nh?nh Qu?ng Tr?","H? Th? Y?n",0821098765,V?,ĐANG_LÀM_VIỆC,2013-06-05,2013-06-05,12.00,,,"2026-04-15 01:44:34","2026-04-23 12:23:12",,
18,NV0018,"Lâm Thị Ngọc",1991-08-11,N?,"??k L?k","? ??","Ph?t gi?o",??_K?T_H?N,0989012340,ngoc.lam@gmail.com,ngoc.lam@company.com,,"S? 18, ???ng AL, ??k L?k","S? 180, ???ng AM, B?nh T?n",1,,912345678,8,"Chi nh?nh ??k L?k","L?m V?n S?n",0810987654,Ch?ng,ĐANG_LÀM_VIỆC,2015-10-12,2015-10-12,12.00,,,"2026-04-15 01:44:34","2026-04-23 12:23:12",,
19,NV0019,"Tô Văn Tài",1986-02-18,NAM,"Gia Lai",Kinh,Kh?ng,??_K?T_H?N,0990123450,tai.to@gmail.com,tai.to@company.com,,"S? 19, ???ng AN, Gia Lai","S? 190, ???ng AO, Nh? B?",1,,123456789,9,"Chi nh?nh Gia Lai","T? Th? Th?o",0809876543,V?,ĐANG_LÀM_VIỆC,2012-07-25,2012-07-25,12.00,,,"2026-04-15 01:44:34","2026-04-23 12:23:12",,
20,NV0020,"Nguyễn Hoàng Nam",1994-04-30,NAM,TP.HCM,Kinh,"Ph?t gi?o",??C_TH?N,0901234568,nam.nguyenhoang@gmail.com,nam.nh@company.com,,"S? 20, ???ng AP, Q.1, TP.HCM","S? 200, ???ng AQ, Q.1, TP.HCM",1,,234567890,10,"Chi nh?nh TP.HCM","Nguy?n Th? Mai",0798765432,M?,ĐANG_LÀM_VIỆC,2018-01-08,2018-01-08,12.00,,,"2026-04-15 01:44:34","2026-04-23 12:23:12",,
21,NV0021,"Tr???n Minh Tu???n",1991-03-12,NAM,"H?? N???i",Kinh,Kh??ng,??_K?T_H?N,0911000021,tuan.tm@gmail.com,tuan.tm@company.com,,"H?? N???i","Q.C???u Gi???y, H?? N???i",1,,1100000021,1,"CN H?? N???i","Tr???n Th??? Hoa",0911100021,V???,ĐANG_LÀM_VIỆC,2019-02-01,2019-02-01,12.00,,,"2026-04-16 23:50:32","2026-04-23 12:23:13",,
22,NV0022,"Nguy???n Th??? H???ng",1993-07-22,N?,"H???i D????ng",Kinh,Kh??ng,??C_TH?N,0911000022,hang.nt@gmail.com,hang.nt@company.com,,"H???i D????ng","Q.?????ng ??a, H?? N???i",1,,1100000022,2,"CN HN","Nguy???n V??n B??nh",0911100022,B???,ĐANG_LÀM_VIỆC,2020-06-15,2020-06-15,12.00,,,"2026-04-16 23:50:32","2026-04-23 12:23:13",,
23,NV0023,"Ph???m Qu???c B???o",1988-11-05,NAM,"Ngh??? An",Kinh,Kh??ng,??_K?T_H?N,0911000023,bao.pq@gmail.com,bao.pq@company.com,,"Ngh??? An","Q.Thanh Xu??n, H?? N???i",1,,1100000023,3,"CN HN","L?? Th??? Mai",0911100023,V???,ĐANG_LÀM_VIỆC,2017-03-01,2017-03-01,12.00,,,"2026-04-16 23:50:32","2026-04-23 12:23:13",,
24,NV0024,"L?? Th??? Ph????ng",1995-01-18,N?,"H?? N???i",Kinh,"Ph???t gi??o",??C_TH?N,0911000024,phuong.lt@gmail.com,phuong.lt@company.com,,"H?? N???i","Q.Ba ????nh, H?? N???i",1,,1100000024,4,"CN HN","L?? V??n D??ng",0911100024,B???,ĐANG_LÀM_VIỆC,2021-09-01,2021-09-01,12.00,,,"2026-04-16 23:50:32","2026-04-23 12:23:13",,
25,NV0025,"V?? ?????c Th???ng",1990-06-30,NAM,"Nam ?????nh",Kinh,Kh??ng,??_K?T_H?N,0911000025,thang.vd@gmail.com,thang.vd@company.com,,"Nam ?????nh","Q.Ho??ng Mai, H?? N???i",1,,1100000025,5,"CN HN","Nguy???n Th??? Lan",0911100025,V???,ĐANG_LÀM_VIỆC,2018-11-01,2018-11-01,12.00,,,"2026-04-16 23:50:32","2026-04-23 12:23:13",,
26,NV0026,"????? Th??? Ng??n",1994-09-14,N?,"Th??i B??nh",Kinh,Kh??ng,??C_TH?N,0911000026,ngan.dt@gmail.com,ngan.dt@company.com,,"Th??i B??nh","Q.Long Bi??n, H?? N???i",1,,1100000026,6,"CN HN","????? V??n H??ng",0911100026,B???,ĐANG_LÀM_VIỆC,2022-01-10,2022-01-10,12.00,,,"2026-04-16 23:50:32","2026-04-23 12:23:13",,
27,NV0027,"Ho??ng Anh D??ng",1987-04-25,NAM,"Thanh H??a",Kinh,Kh??ng,??_K?T_H?N,0911000027,dung.ha@gmail.com,dung.ha@company.com,,"Thanh H??a","Q.T??y H???, H?? N???i",1,,1100000027,7,"CN HN","Tr???n Th??? Nhung",0911100027,V???,ĐANG_LÀM_VIỆC,2015-07-01,2015-07-01,12.00,,,"2026-04-16 23:50:32","2026-04-23 12:23:13",,
28,NV0028,"Mai V??n H??ng",1992-12-08,NAM,"H?? N???i",Kinh,Kh??ng,??_K?T_H?N,0911000028,hung.mv@gmail.com,hung.mv@company.com,,"H?? N???i","Q.Hai B?? Tr??ng, H?? N???i",1,,1100000028,8,"CN HN","L?? Th??? H????ng",0911100028,V???,ĐANG_LÀM_VIỆC,2023-03-01,2023-03-01,12.00,,,"2026-04-16 23:50:32","2026-04-23 12:23:13",,
29,NV0029,"Tr???nh Th??? Loan",1996-08-17,N?,"V??nh Ph??c",Kinh,Kh??ng,??C_TH?N,0911000029,loan.tt@gmail.com,loan.tt@company.com,,"V??nh Ph??c","Q.Nam T??? Li??m, H?? N???i",1,,1100000029,9,"CN HN","Tr???nh V??n T??ng",0911100029,B???,THỬ_VIỆC,2024-02-15,2024-02-15,12.00,,,"2026-04-16 23:50:32","2026-04-23 12:23:13",,
30,NV0030,"Ng?? Xu??n Tr?????ng",1989-02-28,NAM,"Ph?? Th???",Kinh,Kh??ng,??_K?T_H?N,0911000030,truong.nx@gmail.com,truong.nx@company.com,,"Ph?? Th???","Q.B???c T??? Li??m, H?? N???i",1,,1100000030,10,"CN HN","Ph???m Th??? H??a",0911100030,V???,ĐANG_LÀM_VIỆC,2016-05-01,2016-05-01,12.00,,,"2026-04-16 23:50:32","2026-04-23 12:23:13",,
31,NV0031,"Phan Th??? Kim Oanh",1986-05-20,N?,TP.HCM,Kinh,Kh??ng,??_K?T_H?N,0911000031,oanh.ptk@gmail.com,oanh.ptk@company.com,,TP.HCM,"Q.1, TP.HCM",1,,1100000031,1,"CN HCM","Nguy???n V??n T??m",0911100031,Ch???ng,ĐANG_LÀM_VIỆC,2011-01-15,2011-01-15,12.00,,,"2026-04-16 23:50:32","2026-04-23 12:23:13",,
32,NV0032,"L?? Ho??ng V??",1991-10-03,NAM,"?????ng Nai",Kinh,Kh??ng,??_K?T_H?N,0911000032,vu.lh@gmail.com,vu.lh@company.com,,"?????ng Nai","Q.3, TP.HCM",1,,1100000032,2,"CN HCM","Tr???n Th??? Hi???n",0911100032,V???,ĐANG_LÀM_VIỆC,2018-04-01,2018-04-01,12.00,,,"2026-04-16 23:50:32","2026-04-23 12:23:13",,
33,NV0033,"B??i Th??? Thanh H??",1993-06-15,N?,"B??nh D????ng",Kinh,Kh??ng,??C_TH?N,0911000033,ha.btt@gmail.com,ha.btt@company.com,,"B??nh D????ng","Q.B??nh Th???nh, TP.HCM",1,,1100000033,3,"CN HCM","B??i V??n Nam",0911100033,B???,ĐANG_LÀM_VIỆC,2019-08-01,2019-08-01,12.00,,,"2026-04-16 23:50:32","2026-04-23 12:23:13",,
34,NV0034,"?????ng V??n L???c",1990-01-27,NAM,TP.HCM,Kinh,Kh??ng,??_K?T_H?N,0911000034,loc.dv@gmail.com,loc.dv@company.com,,TP.HCM,"Q.T??n B??nh, TP.HCM",1,,1100000034,4,"CN HCM","L?? Th??? Ng???c",0911100034,V???,ĐANG_LÀM_VIỆC,2017-12-01,2017-12-01,12.00,,,"2026-04-16 23:50:32","2026-04-23 12:23:13",,
35,NV0035,"V?? Th??? B??ch Ng???c",1995-04-09,N?,"Kh??nh H??a",Kinh,Kh??ng,??C_TH?N,0911000035,ngoc.vtb@gmail.com,ngoc.vtb@company.com,,"Kh??nh H??a","Q.G?? V???p, TP.HCM",1,,1100000035,5,"CN HCM","V?? V??n Ph??c",0911100035,B???,ĐANG_LÀM_VIỆC,2021-03-15,2021-03-15,12.00,,,"2026-04-16 23:50:32","2026-04-23 12:23:13",,
36,NV0036,"Tr????ng Qu???c Huy",1988-08-11,NAM,"Long An",Kinh,Kh??ng,??_K?T_H?N,0911000036,huy.tq@gmail.com,huy.tq@company.com,,"Long An","Q.7, TP.HCM",1,,1100000036,6,"CN HCM","Ph???m Th??? Linh",0911100036,V???,ĐANG_LÀM_VIỆC,2014-06-01,2014-06-01,12.00,,,"2026-04-16 23:50:32","2026-04-23 12:23:13",,
37,NV0037,"Hu???nh Minh Ch??u",1994-12-23,N?,"Ti???n Giang",Kinh,"Ph???t gi??o",??C_TH?N,0911000037,chau.hm@gmail.com,chau.hm@company.com,,"Ti???n Giang","Q.Ph?? Nhu???n, TP.HCM",1,,1100000037,7,"CN HCM","Hu???nh V??n T??i",0911100037,B???,ĐANG_LÀM_VIỆC,2020-01-06,2020-01-06,12.00,,,"2026-04-16 23:50:32","2026-04-23 12:23:13",,
38,NV0038,"Nguy???n ????nh Khoa",1992-03-19,NAM,"B?? R???a",Kinh,Kh??ng,??_K?T_H?N,0911000038,khoa.nd@gmail.com,khoa.nd@company.com,,"B?? R???a","Q.2, TP.HCM",1,,1100000038,8,"CN HCM","Tr???n Th??? H???nh",0911100038,V???,ĐANG_LÀM_VIỆC,2016-09-01,2016-09-01,12.00,,,"2026-04-16 23:50:32","2026-04-23 12:23:13",,
39,NV0039,"L?? Qu???nh Nh??",1997-07-04,N?,"???? L???t",Kinh,Kh??ng,??C_TH?N,0911000039,nhu.lq@gmail.com,nhu.lq@company.com,,"L??m ?????ng","Q.Th??? ?????c, TP.HCM",1,,1100000039,9,"CN HCM","L?? V??n Trung",0911100039,B???,THỬ_VIỆC,2024-01-08,2024-01-08,12.00,,,"2026-04-16 23:50:32","2026-04-23 12:23:13",,
40,NV0040,"Cao Minh ?????c",1989-09-16,NAM,"C???n Th??",Kinh,Kh??ng,??_K?T_H?N,0911000040,duc.cm@gmail.com,duc.cm@company.com,,"C???n Th??","Q.10, TP.HCM",1,,1100000040,10,"CN HCM","Nguy???n Th??? Mai",0911100040,V???,ĐANG_LÀM_VIỆC,2015-02-01,2015-02-01,12.00,,,"2026-04-16 23:50:32","2026-04-23 12:23:13",,
41,NV0041,"Tr???n Th??? Di???u Linh",1996-11-28,N?,TP.HCM,Kinh,Kh??ng,??C_TH?N,0911000041,linh.ttd@gmail.com,linh.ttd@company.com,,TP.HCM,"Q.5, TP.HCM",1,,1100000041,1,"CN HCM","Tr???n V??n ????ng",0911100041,B???,ĐANG_LÀM_VIỆC,2022-07-01,2022-07-01,12.00,,,"2026-04-16 23:50:32","2026-04-23 12:23:13",,
42,NV0042,"Nguy???n H???u Th??nh",1990-02-14,NAM,"???? N???ng",Kinh,Kh??ng,??_K?T_H?N,0911000042,thanh.nh@gmail.com,thanh.nh@company.com,,"???? N???ng","Q.H???i Ch??u, ???? N???ng",1,,1100000042,2,"CN ??N","Ph???m Th??? Huy???n",0911100042,V???,ĐANG_LÀM_VIỆC,2016-03-01,2016-03-01,12.00,,,"2026-04-16 23:50:32","2026-04-23 12:23:13",,
43,NV0043,"Ph???m Th??? M??? Duy??n",1992-08-30,N?,Hu???,Kinh,"Ph???t gi??o",??C_TH?N,0911000043,duyen.ptm@gmail.com,duyen.ptm@company.com,,Hu???,"Q.S??n Tr??, ???? N???ng",1,,1100000043,3,"CN ??N","Ph???m V??n Long",0911100043,B???,ĐANG_LÀM_VIỆC,2018-05-15,2018-05-15,12.00,,,"2026-04-16 23:50:32","2026-04-23 12:23:13",,
44,NV0044,"L?? Tr???ng Ngh??a",1988-04-07,NAM,"Qu???ng Nam",Kinh,Kh??ng,??_K?T_H?N,0911000044,nghia.lt@gmail.com,nghia.lt@company.com,,"Qu???ng Nam","Q.Thanh Kh??, ???? N???ng",1,,1100000044,4,"CN ??N","Tr???n Th??? T??",0911100044,V???,ĐANG_LÀM_VIỆC,2014-01-01,2014-01-01,12.00,,,"2026-04-16 23:50:32","2026-04-23 12:23:13",,
45,NV0045,"Tr???n Th??? Y???n Nhi",1995-10-21,N?,"???? N???ng",Kinh,Kh??ng,??C_TH?N,0911000045,nhi.tty@gmail.com,nhi.tty@company.com,,"???? N???ng","Q.Ng?? H??nh S??n, ???? N???ng",1,,1100000045,5,"CN ??N","Tr???n V??n S??n",0911100045,B???,ĐANG_LÀM_VIỆC,2020-09-01,2020-09-01,12.00,,,"2026-04-16 23:50:32","2026-04-23 12:23:13",,
46,NV0046,"V??n C??ng Danh",1991-06-13,NAM,"Qu???ng Ng??i",Kinh,Kh??ng,??_K?T_H?N,0911000046,danh.vc@gmail.com,danh.vc@company.com,,"Qu???ng Ng??i","Q.Li??n Chi???u, ???? N???ng",1,,1100000046,6,"CN ??N","L?? Th??? Hoa",0911100046,V???,ĐANG_LÀM_VIỆC,2017-07-01,2017-07-01,12.00,,,"2026-04-16 23:50:32","2026-04-23 12:23:13",,
47,NV0047,"??o??n Th??? H???nh",1993-12-02,N?,"B??nh ?????nh",Kinh,Kh??ng,??C_TH?N,0911000047,hanh.dt@gmail.com,hanh.dt@company.com,,"B??nh ?????nh","Q.C???m L???, ???? N???ng",1,,1100000047,7,"CN ??N","??o??n V??n Phong",0911100047,B???,ĐANG_LÀM_VIỆC,2019-04-01,2019-04-01,12.00,,,"2026-04-16 23:50:32","2026-04-23 12:23:13",,
48,NV0048,"L??m Qu???c Vi???t",1989-05-25,NAM,"Ph?? Y??n",Kinh,Kh??ng,??_K?T_H?N,0911000048,viet.lq@gmail.com,viet.lq@company.com,,"Ph?? Y??n","Q.H???i Ch??u, ???? N???ng",1,,1100000048,8,"CN ??N","Nguy???n Th??? Th???o",0911100048,V???,ĐANG_LÀM_VIỆC,2015-10-01,2015-10-01,12.00,,,"2026-04-16 23:50:32","2026-04-23 12:23:13",,
49,NV0049,"??inh H???ng Ph??c",1994-09-08,NAM,"???? N???ng",Kinh,Kh??ng,??C_TH?N,0911000049,phuc.dh@gmail.com,phuc.dh@company.com,,"???? N???ng","Q.Thanh Kh??, ???? N???ng",1,,1100000049,9,"CN ??N","??inh V??n Tu???n",0911100049,B???,ĐANG_LÀM_VIỆC,2021-06-01,2021-06-01,12.00,,,"2026-04-16 23:50:32","2026-04-23 12:23:13",,
50,NV0050,"T??? Th??? Kim Ph?????ng",1996-03-17,N?,"Kh??nh H??a",Kinh,Kh??ng,??C_TH?N,0911000050,phuong.ttk@gmail.com,phuong.ttk@company.com,,"Kh??nh H??a","Q.S??n Tr??, ???? N???ng",1,,1100000050,10,"CN ??N","T??? V??n Ho??ng",0911100050,B???,ĐANG_LÀM_VIỆC,2022-11-01,2022-11-01,12.00,,,"2026-04-16 23:50:32","2026-04-23 12:23:13",,
51,NV0051,"H?? ?????c M???nh",1987-01-09,NAM,"Qu???ng Tr???",Kinh,Kh??ng,??_K?T_H?N,0911000051,manh.hd@gmail.com,manh.hd@company.com,,"Qu???ng Tr???","Q.H???i Ch??u, ???? N???ng",1,,1100000051,1,"CN ??N","L?? Th??? Thanh",0911100051,V???,ĐANG_LÀM_VIỆC,2013-08-01,2013-08-01,12.00,,,"2026-04-16 23:50:32","2026-04-23 12:23:13",,
52,NV0052,"Ung Th??? Th??y Trang",1998-07-14,N?,Hu???,Kinh,"Ph???t gi??o",??C_TH?N,0911000052,trang.utt@gmail.com,trang.utt@company.com,,Hu???,"Q.Ng?? H??nh S??n, ???? N???ng",1,,1100000052,2,"CN ??N","Ung V??n Ki??n",0911100052,B???,THỬ_VIỆC,2024-02-01,2024-02-01,12.00,,,"2026-04-16 23:50:32","2026-04-23 12:23:13",,
53,NV0053,"Chu Thanh T??ng",1991-11-23,NAM,"Gia Lai",Kinh,"Thi??n ch??a gi??o",??_K?T_H?N,0911000053,tung.ct@gmail.com,tung.ct@company.com,,"Gia Lai","Q.Li??n Chi???u, ???? N???ng",1,,1100000053,3,"CN ??N","Tr???n Th??? Ph?????ng",0911100053,V???,ĐANG_LÀM_VIỆC,2019-01-15,2019-01-15,12.00,,,"2026-04-16 23:50:32","2026-04-23 12:23:13",,
54,NV0054,"Nguy???n Ti???n ?????t",1993-05-11,NAM,"H?? N???i",Kinh,Kh??ng,??C_TH?N,0911000054,dat.nt@gmail.com,dat.nt@company.com,,"H?? N???i","Q.C???u Gi???y, H?? N???i",1,,1100000054,4,"CN HN","Nguy???n Th??? Hoa",0911100054,M???,ĐANG_LÀM_VIỆC,2019-06-01,2019-06-01,12.00,,,"2026-04-16 23:50:32","2026-04-23 12:23:13",,
55,NV0055,"Tr???n Quang H??ng",1990-10-26,NAM,"H???i Ph??ng",Kinh,Kh??ng,??_K?T_H?N,0911000055,hung.tq@gmail.com,hung.tq@company.com,,"H???i Ph??ng","Q.?????ng ??a, H?? N???i",1,,1100000055,5,"CN HN","L?? Th??? V??n",0911100055,V???,ĐANG_LÀM_VIỆC,2017-02-01,2017-02-01,12.00,,,"2026-04-16 23:50:32","2026-04-23 12:23:13",,
56,NV0056,"Ph???m Ng???c Anh",1995-08-15,N?,"H?? N???i",Kinh,Kh??ng,??C_TH?N,0911000056,anh.pn@gmail.com,anh.pn@company.com,,"H?? N???i","Q.Thanh Xu??n, H?? N???i",1,,1100000056,6,"CN HN","Ph???m V??n ?????c",0911100056,B???,ĐANG_LÀM_VIỆC,2021-01-11,2021-01-11,12.00,,,"2026-04-16 23:50:32","2026-04-23 12:23:13",,
57,NV0057,"L?? B?? Phong",1988-03-04,NAM,"Nam ?????nh",Kinh,Kh??ng,??_K?T_H?N,0911000057,phong.lb@gmail.com,phong.lb@company.com,,"Nam ?????nh","Q.Ho??ng Mai, H?? N???i",1,,1100000057,7,"CN HN","Nguy???n Th??? Nga",0911100057,V???,ĐANG_LÀM_VIỆC,2015-09-01,2015-09-01,12.00,,,"2026-04-16 23:50:32","2026-04-23 12:23:13",,
58,NV0058,"V?? Thu H??",1994-01-19,N?,"H?? N???i",Kinh,Kh??ng,??C_TH?N,0911000058,ha.vt@gmail.com,ha.vt@company.com,,"H?? N???i","Q.Long Bi??n, H?? N???i",1,,1100000058,8,"CN HN","V?? V??n Th??nh",0911100058,B???,ĐANG_LÀM_VIỆC,2020-04-01,2020-04-01,12.00,,,"2026-04-16 23:50:32","2026-04-23 12:23:13",,
59,NV0059,"????? Ho??ng Long",1992-06-22,NAM,"H?? N???i",Kinh,Kh??ng,??_K?T_H?N,0911000059,long.dh@gmail.com,long.dh@company.com,,"H?? N???i","Q.Ba ????nh, H?? N???i",1,,1100000059,9,"CN HN","Tr???n Th??? H????ng",0911100059,V???,ĐANG_LÀM_VIỆC,2018-08-01,2018-08-01,12.00,,,"2026-04-16 23:50:32","2026-04-23 12:23:13",,
60,NV0060,"B??i Th??? Thanh T??m",1996-11-30,N?,"B???c Giang",Kinh,Kh??ng,??C_TH?N,0911000060,tam.btt@gmail.com,tam.btt@company.com,,"B???c Giang","Q.T??y H???, H?? N???i",1,,1100000060,10,"CN HN","B??i V??n H???i",0911100060,B???,ĐANG_LÀM_VIỆC,2022-05-01,2022-05-01,12.00,,,"2026-04-16 23:50:32","2026-04-23 12:23:13",,
61,NV0061,"Tr????ng C??ng Minh",1991-09-07,NAM,"H?? N???i",Kinh,Kh??ng,??_K?T_H?N,0911000061,minh.tc@gmail.com,minh.tc@company.com,,"H?? N???i","Q.Hai B?? Tr??ng, H?? N???i",1,,1100000061,1,"CN HN","Ph???m Th??? Loan",0911100061,V???,ĐANG_LÀM_VIỆC,2016-11-01,2016-11-01,12.00,,,"2026-04-16 23:50:32","2026-04-23 12:23:13",,
62,NV0062,"Ho??ng Th??? Kim Chi",1997-04-13,N?,"H??ng Y??n",Kinh,Kh??ng,??C_TH?N,0911000062,chi.htk@gmail.com,chi.htk@company.com,,"H??ng Y??n","Q.Nam T??? Li??m, H?? N???i",1,,1100000062,2,"CN HN","Ho??ng V??n T??",0911100062,B???,THỬ_VIỆC,2024-01-15,2024-01-15,12.00,,,"2026-04-16 23:50:32","2026-04-23 12:23:13",,
63,NV0063,"Nguy???n Huy Ho??ng",1989-12-01,NAM,"Qu???ng Ninh",Kinh,Kh??ng,??_K?T_H?N,0911000063,hoang.nh@gmail.com,hoang.nh@company.com,,"Qu???ng Ninh","Q.B???c T??? Li??m, H?? N???i",1,,1100000063,3,"CN HN","??inh Th??? H???nh",0911100063,V???,ĐANG_LÀM_VIỆC,2014-07-01,2014-07-01,12.00,,,"2026-04-16 23:50:32","2026-04-23 12:23:13",,
64,NV0064,"Tr???n Th??? Kim Anh",1993-02-08,N?,TP.HCM,Kinh,Kh??ng,??C_TH?N,0911000064,anh.ttk@gmail.com,anh.ttk@company.com,,TP.HCM,"Q.1, TP.HCM",1,,1100000064,4,"CN HCM","Tr???n V??n B??nh",0911100064,B???,ĐANG_LÀM_VIỆC,2018-03-01,2018-03-01,12.00,,,"2026-04-16 23:50:32","2026-04-23 12:23:13",,
65,NV0065,"L?? Minh Kh??i",1991-07-19,NAM,TP.HCM,Kinh,Kh??ng,??_K?T_H?N,0911000065,khoi.lm@gmail.com,khoi.lm@company.com,,TP.HCM,"Q.3, TP.HCM",1,,1100000065,5,"CN HCM","Nguy???n Th??? Trang",0911100065,V???,ĐANG_LÀM_VIỆC,2016-05-01,2016-05-01,12.00,,,"2026-04-16 23:50:32","2026-04-23 12:23:13",,
66,NV0066,"Ph???m Th??y Linh",1995-11-25,N?,"?????ng Nai",Kinh,Kh??ng,??C_TH?N,0911000066,linh.pt@gmail.com,linh.pt@company.com,,"?????ng Nai","Q.B??nh Th???nh, TP.HCM",1,,1100000066,6,"CN HCM","Ph???m V??n Huy",0911100066,B???,ĐANG_LÀM_VIỆC,2020-08-01,2020-08-01,12.00,,,"2026-04-16 23:50:32","2026-04-23 12:23:13",,
67,NV0067,"Nguy???n T???n Ph??t",1990-04-16,NAM,"B??nh D????ng",Kinh,Kh??ng,??_K?T_H?N,0911000067,phat.nt@gmail.com,phat.nt@company.com,,"B??nh D????ng","Q.T??n B??nh, TP.HCM",1,,1100000067,7,"CN HCM","L?? Th??? Kim",0911100067,V???,ĐANG_LÀM_VIỆC,2017-01-01,2017-01-01,12.00,,,"2026-04-16 23:50:32","2026-04-23 12:23:13",,
68,NV0068,"?????ng Th??? B??ch Huy???n",1994-06-03,N?,TP.HCM,Kinh,Kh??ng,??C_TH?N,0911000068,huyen.dtb@gmail.com,huyen.dtb@company.com,,TP.HCM,"Q.G?? V???p, TP.HCM",1,,1100000068,8,"CN HCM","?????ng V??n Phong",0911100068,B???,ĐANG_LÀM_VIỆC,2019-11-01,2019-11-01,12.00,,,"2026-04-16 23:50:32","2026-04-23 12:23:13",,
69,NV0069,"V?? Tu???n Ki???t",1992-09-12,NAM,"Long An",Kinh,Kh??ng,??_K?T_H?N,0911000069,kiet.vt@gmail.com,kiet.vt@company.com,,"Long An","Q.7, TP.HCM",1,,1100000069,9,"CN HCM","Tr???n Th??? Ng??n",0911100069,V???,ĐANG_LÀM_VIỆC,2015-12-01,2015-12-01,12.00,,,"2026-04-16 23:50:32","2026-04-23 12:23:13",,
70,NV0070,"Hu???nh Th??? Thanh Th???o",1997-01-28,N?,"Ti???n Giang",Kinh,Kh??ng,??C_TH?N,0911000070,thao.htt@gmail.com,thao.htt@company.com,,"Ti???n Giang","Q.Ph?? Nhu???n, TP.HCM",1,,1100000070,10,"CN HCM","Hu???nh V??n Minh",0911100070,B???,ĐANG_LÀM_VIỆC,2022-02-14,2022-02-14,12.00,,,"2026-04-16 23:50:32","2026-04-23 12:23:13",,
71,NV0071,"Cao V??n S??n",1989-05-06,NAM,"B?? R???a",Kinh,Kh??ng,??_K?T_H?N,0911000071,son.cv@gmail.com,son.cv@company.com,,"B?? R???a","Q.2, TP.HCM",1,,1100000071,1,"CN HCM","Nguy???n Th??? Li??n",0911100071,V???,ĐANG_LÀM_VIỆC,2013-06-01,2013-06-01,12.00,,,"2026-04-16 23:50:32","2026-04-23 12:23:13",,
72,NV0072,"L?? Th??? Ng???c H??n",1996-10-14,N?,"???? L???t",Kinh,Kh??ng,??C_TH?N,0911000072,han.ltn@gmail.com,han.ltn@company.com,,"L??m ?????ng","Q.Th??? ?????c, TP.HCM",1,,1100000072,2,"CN HCM","L?? V??n H??ng",0911100072,B???,ĐANG_LÀM_VIỆC,2023-04-01,2023-04-01,12.00,,,"2026-04-16 23:50:32","2026-04-23 12:23:13",,
73,NV0073,"Phan ?????c Tr??",1993-03-21,NAM,"C???n Th??",Kinh,Kh??ng,??C_TH?N,0911000073,tri.pd@gmail.com,tri.pd@company.com,,"C???n Th??","Q.10, TP.HCM",1,,1100000073,3,"CN HCM","Phan Th??? H??",0911100073,M???,ĐÃ_NGHỈ_VIỆC,2018-01-01,2018-01-01,12.00,,,"2026-04-16 23:50:32","2026-04-23 12:23:13",,
74,NV0074,"Tr???n Th??? Thanh V??n",1992-07-10,N?,"H?? N???i",Kinh,Kh??ng,??_K?T_H?N,0911000074,van.ttt@gmail.com,van.ttt@company.com,,"H?? N???i","Q.?????ng ??a, H?? N???i",1,,1100000074,4,"CN HN","Nguy???n V??n H??ng",0911100074,Ch???ng,ĐANG_LÀM_VIỆC,2017-04-01,2017-04-01,12.00,,,"2026-04-16 23:50:32","2026-04-23 12:23:13",,
75,NV0075,"Nguy???n V??n Th???ng",1990-01-05,NAM,"H???i Ph??ng",Kinh,Kh??ng,??_K?T_H?N,0911000075,thang.nv@gmail.com,thang.nv@company.com,,"H???i Ph??ng","Q.Thanh Xu??n, H?? N???i",1,,1100000075,5,"CN HN","Tr???n Th??? H???ng",0911100075,V???,ĐANG_LÀM_VIỆC,2015-08-01,2015-08-01,12.00,,,"2026-04-16 23:50:32","2026-04-23 12:23:13",,
76,NV0076,"Ph???m Th??? H???i Y???n",1994-11-18,N?,"Nam ?????nh",Kinh,"Ph???t gi??o",??C_TH?N,0911000076,yen.pth@gmail.com,yen.pth@company.com,,"Nam ?????nh","Q.Ba ????nh, H?? N???i",1,,1100000076,6,"CN HN","Ph???m V??n Long",0911100076,B???,ĐANG_LÀM_VIỆC,2019-12-01,2019-12-01,12.00,,,"2026-04-16 23:50:32","2026-04-23 12:23:13",,
77,NV0077,"L?? Anh Tu???n",1991-06-22,NAM,"H?? N???i",Kinh,Kh??ng,??_K?T_H?N,0911000077,tuan.la@gmail.com,tuan.la@company.com,,"H?? N???i","Q.Ho??ng Mai, H?? N???i",1,,1100000077,7,"CN HN","Nguy???n Th??? Ph????ng",0911100077,V???,ĐANG_LÀM_VIỆC,2016-10-01,2016-10-01,12.00,,,"2026-04-16 23:50:32","2026-04-23 12:23:13",,
78,NV0078,"????? Th??? Huy???n Trang",1996-02-07,N?,"Th??i B??nh",Kinh,Kh??ng,??C_TH?N,0911000078,trang.dth@gmail.com,trang.dth@company.com,,"Th??i B??nh","Q.Long Bi??n, H?? N???i",1,,1100000078,8,"CN HN","????? V??n B??nh",0911100078,B???,ĐANG_LÀM_VIỆC,2021-07-01,2021-07-01,12.00,,,"2026-04-16 23:50:32","2026-04-23 12:23:13",,
79,NV0079,"Ho??ng Qu???c B???o",1989-08-31,NAM,"Thanh H??a",Kinh,Kh??ng,??_K?T_H?N,0911000079,bao.hq@gmail.com,bao.hq@company.com,,"Thanh H??a","Q.T??y H???, H?? N???i",1,,1100000079,9,"CN HN","L?? Th??? Duy??n",0911100079,V???,ĐANG_LÀM_VIỆC,2014-03-01,2014-03-01,12.00,,,"2026-04-16 23:50:32","2026-04-23 12:23:13",,
80,NV0080,"Mai Th??? Nh?? Qu???nh",1995-04-19,N?,"V??nh Ph??c",Kinh,Kh??ng,??C_TH?N,0911000080,quynh.mtn@gmail.com,quynh.mtn@company.com,,"V??nh Ph??c","Q.Hai B?? Tr??ng, H?? N???i",1,,1100000080,10,"CN HN","Mai V??n T??",0911100080,B???,ĐANG_LÀM_VIỆC,2020-10-01,2020-10-01,12.00,,,"2026-04-16 23:50:32","2026-04-23 12:23:13",,
81,NV0081,"Tr???nh ????nh Phong",1988-12-15,NAM,"Ph?? Th???",Kinh,Kh??ng,??_K?T_H?N,0911000081,phong.td@gmail.com,phong.td@company.com,,"Ph?? Th???","Q.B???c T??? Li??m, H?? N???i",1,,1100000081,1,"CN HN","Nguy???n Th??? Thu",0911100081,V???,ĐANG_LÀM_VIỆC,2013-01-15,2013-01-15,12.00,,,"2026-04-16 23:50:32","2026-04-23 12:23:13",,
82,NV0082,"Nguy???n Th??? C???m T??",1997-09-26,N?,"H?? N???i",Kinh,Kh??ng,??C_TH?N,0911000082,tu.ntc@gmail.com,tu.ntc@company.com,,"H?? N???i","Q.Nam T??? Li??m, H?? N???i",1,,1100000082,2,"CN HN","Nguy???n V??n ?????c",0911100082,B???,ĐANG_LÀM_VIỆC,2023-01-09,2023-01-09,12.00,,,"2026-04-16 23:50:32","2026-04-23 12:23:13",,
83,NV0083,"B??i Trung Ki??n",1993-03-03,NAM,"B???c Ninh",Kinh,Kh??ng,??_K?T_H?N,0911000083,kien.bt@gmail.com,kien.bt@company.com,,"B???c Ninh","Q.C???u Gi???y, H?? N???i",1,,1100000083,3,"CN HN","Tr???n Th??? H??",0911100083,V???,ĐANG_LÀM_VIỆC,2018-06-01,2018-06-01,12.00,,,"2026-04-16 23:50:32","2026-04-23 12:23:13",,
84,NV0084,"Ph???m Quang Trung",1987-05-14,NAM,TP.HCM,Kinh,Kh??ng,??_K?T_H?N,0911000084,trung.pq@gmail.com,trung.pq@company.com,,TP.HCM,"Q.B??nh T??n, TP.HCM",1,,1100000084,4,"CN HCM","L?? Th??? Ph????ng",0911100084,V???,ĐANG_LÀM_VIỆC,2012-03-01,2012-03-01,12.00,,,"2026-04-16 23:50:32","2026-04-23 12:23:13",,
85,NV0085,"L?? Th??? Ho??i Thu",1993-10-20,N?,"?????ng Nai",Kinh,Kh??ng,??C_TH?N,0911000085,thu.lth@gmail.com,thu.lth@company.com,,"?????ng Nai","Q.12, TP.HCM",1,,1100000085,5,"CN HCM","L?? V??n Quang",0911100085,B???,ĐANG_LÀM_VIỆC,2019-06-15,2019-06-15,12.00,,,"2026-04-16 23:50:32","2026-04-23 12:23:13",,
86,NV0086,"Nguy???n V??n H??a",1990-02-28,NAM,"B??nh D????ng",Kinh,Kh??ng,??_K?T_H?N,0911000086,hoa.nv@gmail.com,hoa.nv@company.com,,"B??nh D????ng","Q.T??n Ph??, TP.HCM",1,,1100000086,6,"CN HCM","Ph???m Th??? Lan",0911100086,V???,ĐANG_LÀM_VIỆC,2016-12-01,2016-12-01,12.00,,,"2026-04-16 23:50:32","2026-04-23 12:23:13",,
87,NV0087,"Tr???n ?????c T??n",1988-07-11,NAM,TP.HCM,Kinh,Kh??ng,??_K?T_H?N,0911000087,tin.td@gmail.com,tin.td@company.com,,TP.HCM,"Q.8, TP.HCM",1,,1100000087,7,"CN HCM","Nguy???n Th??? H???ng",0911100087,V???,ĐANG_LÀM_VIỆC,2014-09-01,2014-09-01,12.00,,,"2026-04-16 23:50:32","2026-04-23 12:23:13",,
88,NV0088,"?????ng Th??? M??? Linh",1995-12-05,N?,"Long An",Kinh,Kh??ng,??C_TH?N,0911000088,linh.dtm@gmail.com,linh.dtm@company.com,,"Long An","Q.B??nh Th???nh, TP.HCM",1,,1100000088,8,"CN HCM","?????ng V??n S??n",0911100088,B???,ĐANG_LÀM_VIỆC,2021-02-01,2021-02-01,12.00,,,"2026-04-16 23:50:32","2026-04-23 12:23:13",,
89,NV0089,"Cao B?? Qu???c",1991-04-17,NAM,"Ti???n Giang",Kinh,Kh??ng,??_K?T_H?N,0911000089,quoc.cb@gmail.com,quoc.cb@company.com,,"Ti???n Giang","Q.Th??? ?????c, TP.HCM",1,,1100000089,9,"CN HCM","Tr???n Th??? Huy???n",0911100089,V???,ĐANG_LÀM_VIỆC,2017-08-01,2017-08-01,12.00,,,"2026-04-16 23:50:32","2026-04-23 12:23:13",,
90,NV0090,"Hu???nh Th??? ??an Thanh",1994-06-29,N?,"B?? R???a",Kinh,Kh??ng,??C_TH?N,0911000090,thanh.htdt@gmail.com,thanh.htdt@company.com,,"B?? R???a","Q.9, TP.HCM",1,,1100000090,10,"CN HCM","Hu???nh V??n Ph??",0911100090,B???,ĐANG_LÀM_VIỆC,2020-05-01,2020-05-01,12.00,,,"2026-04-16 23:50:32","2026-04-23 12:23:13",,
91,NV0091,"L?? C??ng Tr??nh",1989-09-03,NAM,"C???n Th??",Kinh,Kh??ng,??_K?T_H?N,0911000091,trinh.lc@gmail.com,trinh.lc@company.com,,"C???n Th??","Q.6, TP.HCM",1,,1100000091,1,"CN HCM","Ph???m Th??? Ng???c",0911100091,V???,ĐANG_LÀM_VIỆC,2015-04-01,2015-04-01,12.00,,,"2026-04-16 23:50:32","2026-04-23 12:23:13",,
92,NV0092,"Phan Th??? B???o Tr??n",1996-01-11,N?,TP.HCM,Kinh,Kh??ng,??C_TH?N,0911000092,tran.ptb@gmail.com,tran.ptb@company.com,,TP.HCM,"Q.G?? V???p, TP.HCM",1,,1100000092,2,"CN HCM","Phan V??n ?????t",0911100092,B???,NGHỈ_THAI_SẢN,2019-07-01,2019-07-01,12.00,,,"2026-04-16 23:50:32","2026-04-23 12:23:13",,
93,NV0093,"Tr????ng Minh Qu??n",1992-08-22,NAM,"?????ng Nai",Kinh,Kh??ng,??_K?T_H?N,0911000093,quan.tm@gmail.com,quan.tm@company.com,,"?????ng Nai","Q.T??n B??nh, TP.HCM",1,,1100000093,3,"CN HCM","L?? Th??? Kim Ng??n",0911100093,V???,ĐANG_LÀM_VIỆC,2018-01-15,2018-01-15,12.00,,,"2026-04-16 23:50:32","2026-04-23 12:23:13",,
94,NV0094,"L?? Thanh S??n",1986-08-15,NAM,"H???i Ph??ng",Kinh,Kh??ng,??_K?T_H?N,0911000094,son.lt@gmail.com,son.lt@company.com,,"H???i Ph??ng","Q.Ng?? Quy???n, H???i Ph??ng",1,,1100000094,4,"CN HP","Nguy???n Th??? Oanh",0911100094,V???,ĐANG_LÀM_VIỆC,2010-06-01,2010-06-01,12.00,,,"2026-04-16 23:50:32","2026-04-23 12:23:13",,
95,NV0095,"Nguy???n Th??? H?? Ph????ng",1993-03-28,N?,"H???i D????ng",Kinh,Kh??ng,??C_TH?N,0911000095,phuong.nth@gmail.com,phuong.nth@company.com,,"H???i D????ng","Q.L?? Ch??n, H???i Ph??ng",1,,1100000095,5,"CN HP","Nguy???n V??n T??m",0911100095,B???,ĐANG_LÀM_VIỆC,2018-09-01,2018-09-01,12.00,,,"2026-04-16 23:50:32","2026-04-23 12:23:13",,
96,NV0096,"Tr???n Thanh Hi???u",1991-05-09,NAM,"Qu???ng Ninh",Kinh,Kh??ng,??_K?T_H?N,0911000096,hieu.tt@gmail.com,hieu.tt@company.com,,"Qu???ng Ninh","Q.H???ng B??ng, H???i Ph??ng",1,,1100000096,6,"CN HP","Ph???m Th??? Dung",0911100096,V???,ĐANG_LÀM_VIỆC,2016-02-01,2016-02-01,12.00,,,"2026-04-16 23:50:32","2026-04-23 12:23:13",,
97,NV0097,"Ph???m V??n Duy",1989-10-14,NAM,"H???i Ph??ng",Kinh,Kh??ng,??_K?T_H?N,0911000097,duy.pv@gmail.com,duy.pv@company.com,,"H???i Ph??ng","Q.An D????ng, H???i Ph??ng",1,,1100000097,7,"CN HP","L?? Th??? H???nh",0911100097,V???,ĐANG_LÀM_VIỆC,2013-07-01,2013-07-01,12.00,,,"2026-04-16 23:50:32","2026-04-23 12:23:13",,
98,NV0098,"L?? Th??? ??nh Nguy???t",1995-12-19,N?,"Th??i B??nh",Kinh,Kh??ng,??C_TH?N,0911000098,nguyet.lta@gmail.com,nguyet.lta@company.com,,"Th??i B??nh","Q.Ki???n An, H???i Ph??ng",1,,1100000098,8,"CN HP","L?? V??n Th???ng",0911100098,B???,ĐANG_LÀM_VIỆC,2020-11-01,2020-11-01,12.00,,,"2026-04-16 23:50:32","2026-04-23 12:23:13",,
99,NV0099,"????? B?? C?????ng",1988-01-25,NAM,"Nam ?????nh",Kinh,Kh??ng,??_K?T_H?N,0911000099,cuong.db@gmail.com,cuong.db@company.com,,"Nam ?????nh","Q.????? S??n, H???i Ph??ng",1,,1100000099,9,"CN HP","Tr???n Th??? Xu??n",0911100099,V???,ĐANG_LÀM_VIỆC,2015-03-01,2015-03-01,12.00,,,"2026-04-16 23:50:32","2026-04-23 12:23:13",,
100,NV0100,"Nguy???n Th??? Y???n",1994-07-06,N?,"H?? Nam",Kinh,"Ph???t gi??o",??C_TH?N,0911000100,yen.nt@gmail.com,yen.nt@company.com,,"H?? Nam","Q.Ng?? Quy???n, H???i Ph??ng",1,,1100000100,10,"CN HP","Nguy???n V??n Quang",0911100100,B???,ĐANG_LÀM_VIỆC,2021-08-01,2021-08-01,12.00,,,"2026-04-16 23:50:32","2026-04-23 12:23:13",,
101,NV0101,"Ho??ng Minh Tr??",1991-11-11,NAM,"Ninh B??nh",Kinh,Kh??ng,??_K?T_H?N,0911000101,tri.hm@gmail.com,tri.hm@company.com,,"Ninh B??nh","Q.H???i An, H???i Ph??ng",1,,1100000101,1,"CN HP","Ph???m Th??? Hoa",0911100101,V???,ĐANG_LÀM_VIỆC,2017-06-01,2017-06-01,12.00,,,"2026-04-16 23:50:32","2026-04-23 12:23:13",,
102,NV0102,"V?? Th??? B??ch Li??n",1996-04-23,N?,"H???i Ph??ng",Kinh,Kh??ng,??C_TH?N,0911000102,lien.vtb@gmail.com,lien.vtb@company.com,,"H???i Ph??ng","Q.L?? Ch??n, H???i Ph??ng",1,,1100000102,2,"CN HP","V?? V??n ????ng",0911100102,B???,ĐANG_LÀM_VIỆC,2022-12-01,2022-12-01,12.00,,,"2026-04-16 23:50:32","2026-04-23 12:23:13",,
103,NV0103,"B??i Quang H???i",1990-09-30,NAM,"H??ng Y??n",Kinh,Kh??ng,??_K?T_H?N,0911000103,hai.bq@gmail.com,hai.bq@company.com,,"H??ng Y??n","Q.H???i Ch??u, ???? N???ng",1,,1100000103,3,"CN ??N","Nguy???n Th??? Tuy???t",0911100103,V???,ĐANG_LÀM_VIỆC,2014-11-01,2014-11-01,12.00,,,"2026-04-16 23:50:32","2026-04-23 12:23:13",,
104,NV0104,"Tr???n Ng???c Ph??t",1993-06-17,NAM,"B???c Giang",Kinh,Kh??ng,??C_TH?N,0911000104,phat.tn@gmail.com,phat.tn@company.com,,"B???c Giang","Q.S??n Tr??, ???? N???ng",1,,1100000104,4,"CN ??N","Tr???n Th??? Mai",0911100104,M???,ĐANG_LÀM_VIỆC,2019-05-01,2019-05-01,12.00,,,"2026-04-16 23:50:32","2026-04-23 12:23:13",,
105,NV0105,"V??n ?????c Hi???p",1985-03-07,NAM,"H?? N???i",Kinh,Kh??ng,??_K?T_H?N,0911000105,hiep.vd@gmail.com,hiep.vd@company.com,,"H?? N???i","Q.?????ng ??a, H?? N???i",1,,1100000105,5,"CN HN","Tr???n Th??? Th???y",0911100105,V???,ĐANG_LÀM_VIỆC,2010-09-01,2010-09-01,12.00,,,"2026-04-16 23:50:32","2026-04-23 12:23:13",,
106,NV0106,"Nguy???n Th??? Thu Th???y",1992-08-19,N?,"H?? N???i",Kinh,Kh??ng,??C_TH?N,0911000106,thuy.ntth@gmail.com,thuy.ntth@company.com,,"H?? N???i","Q.C???u Gi???y, H?? N???i",1,,1100000106,6,"CN HN","Nguy???n V??n T??ng",0911100106,B???,ĐANG_LÀM_VIỆC,2017-05-01,2017-05-01,12.00,,,"2026-04-16 23:50:32","2026-04-23 12:23:13",,
107,NV0107,"L?? Qu???c Anh",1990-01-14,NAM,"Nam ?????nh",Kinh,Kh??ng,??_K?T_H?N,0911000107,anh.lq@gmail.com,anh.lq@company.com,,"Nam ?????nh","Q.Thanh Xu??n, H?? N???i",1,,1100000107,7,"CN HN","Ph???m Th??? V??n",0911100107,V???,ĐANG_LÀM_VIỆC,2015-11-01,2015-11-01,12.00,,,"2026-04-16 23:50:32","2026-04-23 12:23:13",,
108,NV0108,"Tr???n Th??? Tuy???t Mai",1994-05-23,N?,"Th??i B??nh",Kinh,Kh??ng,??C_TH?N,0911000108,mai.ttt@gmail.com,mai.ttt@company.com,,"Th??i B??nh","Q.Ba ????nh, H?? N???i",1,,1100000108,8,"CN HN","Tr???n V??n S??n",0911100108,B???,ĐANG_LÀM_VIỆC,2020-03-01,2020-03-01,12.00,,,"2026-04-16 23:50:32","2026-04-23 12:23:13",,
109,NV0109,"Ph???m H???ng Qu??n",1991-09-06,NAM,"Thanh H??a",Kinh,Kh??ng,??_K?T_H?N,0911000109,quan.ph@gmail.com,quan.ph@company.com,,"Thanh H??a","Q.Ho??ng Mai, H?? N???i",1,,1100000109,9,"CN HN","L?? Th??? H??",0911100109,V???,ĐANG_LÀM_VIỆC,2018-07-01,2018-07-01,12.00,,,"2026-04-16 23:50:32","2026-04-23 12:23:13",,
110,NV0110,"????? Th??? H???nh Nguy??n",1996-12-01,N?,"H?? N???i",Kinh,Kh??ng,??C_TH?N,0911000110,nguyen.dth@gmail.com,nguyen.dth@company.com,,"H?? N???i","Q.Long Bi??n, H?? N???i",1,,1100000110,10,"CN HN","????? V??n Trung",0911100110,B???,ĐANG_LÀM_VIỆC,2022-06-01,2022-06-01,12.00,,,"2026-04-16 23:50:32","2026-04-23 12:23:13",,
111,NV0111,"Ho??ng Tu???n V??",1989-04-15,NAM,"Ngh??? An",Kinh,Kh??ng,??_K?T_H?N,0911000111,vu.ht@gmail.com,vu.ht@company.com,,"Ngh??? An","Q.T??y H???, H?? N???i",1,,1100000111,1,"CN HN","Nguy???n Th??? Lan",0911100111,V???,ĐANG_LÀM_VIỆC,2016-01-01,2016-01-01,12.00,,,"2026-04-16 23:50:32","2026-04-23 12:23:13",,
112,NV0112,"Mai Th??? Anh",1993-07-28,NAM,"H?? T??nh",Kinh,Kh??ng,??C_TH?N,0911000112,anh.mt@gmail.com,anh.mt@company.com,,"H?? T??nh","Q.Hai B?? Tr??ng, H?? N???i",1,,1100000112,2,"CN HN","Mai V??n Th??nh",0911100112,B???,ĐANG_LÀM_VIỆC,2021-04-01,2021-04-01,12.00,,,"2026-04-16 23:50:32","2026-04-23 12:23:13",,
113,NV0113,"Tr???nh Th??? Ph????ng Anh",1997-10-09,N?,"H?? N???i",Kinh,Kh??ng,??C_TH?N,0911000113,anh.ttp@gmail.com,anh.ttp@company.com,,"H?? N???i","Q.Nam T??? Li??m, H?? N???i",1,,1100000113,3,"CN HN","Tr???nh V??n ?????i",0911100113,B???,THỬ_VIỆC,2024-03-01,2024-03-01,12.00,,,"2026-04-16 23:50:32","2026-04-23 12:23:13",,
114,NV0114,"Nguy???n ?????c C?????ng",1986-06-12,NAM,"???? N???ng",Kinh,Kh??ng,??_K?T_H?N,0911000114,cuong.nd@gmail.com,cuong.nd@company.com,,"???? N???ng","Q.H???i Ch??u, ???? N???ng",1,,1100000114,4,"CN ??N","L?? Th??? Ph????ng",0911100114,V???,ĐANG_LÀM_VIỆC,2011-08-01,2011-08-01,12.00,,,"2026-04-16 23:50:32","2026-04-23 12:23:13",,
115,NV0115,"Tr???n Th??? H???ng Nhung",1992-02-17,N?,"Qu???ng Nam",Kinh,Kh??ng,??C_TH?N,0911000115,nhung.tth@gmail.com,nhung.tth@company.com,,"Qu???ng Nam","Q.S??n Tr??, ???? N???ng",1,,1100000115,5,"CN ??N","Tr???n V??n Phong",0911100115,B???,ĐANG_LÀM_VIỆC,2017-09-01,2017-09-01,12.00,,,"2026-04-16 23:50:32","2026-04-23 12:23:13",,
116,NV0116,"L?? Ho??ng B??ch",1990-11-04,NAM,Hu???,Kinh,"Ph???t gi??o",??_K?T_H?N,0911000116,bach.lh@gmail.com,bach.lh@company.com,,Hu???,"Q.Thanh Kh??, ???? N???ng",1,,1100000116,6,"CN ??N","Nguy???n Th??? Th???o",0911100116,V???,ĐANG_LÀM_VIỆC,2015-05-01,2015-05-01,12.00,,,"2026-04-16 23:50:32","2026-04-23 12:23:13",,
117,NV0117,"Ph???m Th??? Di???m Qu???nh",1995-07-21,N?,"???? N???ng",Kinh,Kh??ng,??C_TH?N,0911000117,quynh.ptd@gmail.com,quynh.ptd@company.com,,"???? N???ng","Q.Ng?? H??nh S??n, ???? N???ng",1,,1100000117,7,"CN ??N","Ph???m V??n H???i",0911100117,B???,ĐANG_LÀM_VIỆC,2020-07-01,2020-07-01,12.00,,,"2026-04-16 23:50:32","2026-04-23 12:23:13",,
118,NV0118,"?????ng Qu???c To??n",1991-12-28,NAM,"Qu???ng Ng??i",Kinh,Kh??ng,??_K?T_H?N,0911000118,toan.dq@gmail.com,toan.dq@company.com,,"Qu???ng Ng??i","Q.Li??n Chi???u, ???? N???ng",1,,1100000118,8,"CN ??N","Tr???n Th??? H???ng",0911100118,V???,ĐANG_LÀM_VIỆC,2016-06-01,2016-06-01,12.00,,,"2026-04-16 23:50:32","2026-04-23 12:23:13",,
119,NV0119,"V?? Th??? Thanh H????ng",1993-04-10,N?,"B??nh ?????nh",Kinh,Kh??ng,??C_TH?N,0911000119,huong.vtt@gmail.com,huong.vtt@company.com,,"B??nh ?????nh","Q.C???m L???, ???? N???ng",1,,1100000119,9,"CN ??N","V?? V??n T??m",0911100119,B???,ĐANG_LÀM_VIỆC,2019-02-01,2019-02-01,12.00,,,"2026-04-16 23:50:32","2026-04-23 12:23:13",,
120,NV0120,"Tr???n Minh Nh???t",1988-08-15,NAM,"Ph?? Y??n",Kinh,Kh??ng,??_K?T_H?N,0911000120,nhat.tm@gmail.com,nhat.tm@company.com,,"Ph?? Y??n","Q.H???i Ch??u, ???? N???ng",1,,1100000120,10,"CN ??N","L?? Th??? Thu",0911100120,V???,ĐANG_LÀM_VIỆC,2013-10-01,2013-10-01,12.00,,,"2026-04-16 23:50:32","2026-04-23 12:23:13",,
121,NV0121,"L?? Th??? Ng???c Di???m",1996-05-05,N?,"???? N???ng",Kinh,Kh??ng,??C_TH?N,0911000121,diem.ltn@gmail.com,diem.ltn@company.com,,"???? N???ng","Q.S??n Tr??, ???? N???ng",1,,1100000121,1,"CN ??N","L?? V??n Ph??c",0911100121,B???,ĐANG_LÀM_VIỆC,2022-03-01,2022-03-01,12.00,,,"2026-04-16 23:50:32","2026-04-23 12:23:13",,
122,NV0122,"Phan Thanh D??ng",1991-01-19,NAM,"Kh??nh H??a",Kinh,Kh??ng,??_K?T_H?N,0911000122,dung.pt@gmail.com,dung.pt@company.com,,"Kh??nh H??a","Q.Ng?? H??nh S??n, ???? N???ng",1,,1100000122,2,"CN ??N","Nguy???n Th??? H???ng",0911100122,V???,ĐANG_LÀM_VIỆC,2014-12-01,2014-12-01,12.00,,,"2026-04-16 23:50:32","2026-04-23 12:23:13",,
123,NV0123,"Nguy???n V??n Kh??nh",1992-06-14,NAM,"H?? N???i",Kinh,Kh??ng,??_K?T_H?N,0911000123,khanh.nv@gmail.com,khanh.nv@company.com,,"H?? N???i","Q.?????ng ??a, H?? N???i",1,,1100000123,3,"CN HN","Tr???n Th??? Hoa",0911100123,V???,ĐÃ_NGHỈ_VIỆC,2016-04-01,2016-04-01,12.00,,,"2026-04-16 23:50:32","2026-04-23 12:23:13",,
124,NV0124,"Tr???n Th??? B???o Ng???c",1994-09-22,N?,TP.HCM,Kinh,Kh??ng,??C_TH?N,0911000124,ngoc.ttb@gmail.com,ngoc.ttb@company.com,,TP.HCM,"Q.1, TP.HCM",1,,1100000124,4,"CN HCM","Tr???n V??n Long",0911100124,B???,ĐANG_LÀM_VIỆC,2019-10-01,2019-10-01,12.00,,,"2026-04-16 23:50:32","2026-04-23 12:23:13",,
125,NV0125,"L?? H???ng Quang",1990-12-30,NAM,"???? N???ng",Kinh,Kh??ng,??_K?T_H?N,0911000125,quang.lh@gmail.com,quang.lh@company.com,,"???? N???ng","Q.H???i Ch??u, ???? N???ng",1,,1100000125,5,"CN ??N","Ph???m Th??? Thu",0911100125,V???,ĐANG_LÀM_VIỆC,2015-06-01,2015-06-01,12.00,,,"2026-04-16 23:50:32","2026-04-23 12:23:13",,
126,NV0126,"Ph???m Th??? Di???m H????ng",1996-03-08,N?,"H?? N???i",Kinh,Kh??ng,??C_TH?N,0911000126,huong.ptd@gmail.com,huong.ptd@company.com,,"H?? N???i","Q.Thanh Xu??n, H?? N???i",1,,1100000126,6,"CN HN","Ph???m V??n Khi??m",0911100126,B???,THỬ_VIỆC,2024-03-15,2024-03-15,12.00,,,"2026-04-16 23:50:32","2026-04-23 12:23:13",,
127,NV0127,"????? Minh Th??nh",1988-07-17,NAM,"H???i Ph??ng",Kinh,Kh??ng,??_K?T_H?N,0911000127,thanh.dm@gmail.com,thanh.dm@company.com,,"H???i Ph??ng","Q.Ng?? Quy???n, H???i Ph??ng",1,,1100000127,7,"CN HP","L?? Th??? Hoa",0911100127,V???,ĐANG_LÀM_VIỆC,2012-11-01,2012-11-01,12.00,,,"2026-04-16 23:50:32","2026-04-23 12:23:13",,
128,NV0128,"Mai Th??? Tuy???t Nhi",1997-11-25,N?,TP.HCM,Kinh,Kh??ng,??C_TH?N,0911000128,nhi.mtt@gmail.com,nhi.mtt@company.com,,TP.HCM,"Q.3, TP.HCM",1,,1100000128,8,"CN HCM","Mai V??n Phong",0911100128,B???,ĐANG_LÀM_VIỆC,2023-08-01,2023-08-01,12.00,,,"2026-04-16 23:50:32","2026-04-23 12:23:13",,
129,NV0129,"Ho??ng Th??? Ph????ng Th???o",1993-02-14,N?,"???? N???ng",Kinh,Kh??ng,??_K?T_H?N,0911000129,thao.htp@gmail.com,thao.htp@company.com,,"???? N???ng","Q.S??n Tr??, ???? N???ng",1,,1100000129,9,"CN ??N","Nguy???n V??n H??ng",0911100129,Ch???ng,ĐANG_LÀM_VIỆC,2018-04-01,2018-04-01,12.00,,,"2026-04-16 23:50:32","2026-04-23 12:23:13",,
130,NV0130,"Tr???nh Qu???c ?????i",1991-10-03,NAM,"Qu???ng Nam",Kinh,Kh??ng,??_K?T_H?N,0911000130,dai.tq@gmail.com,dai.tq@company.com,,"Qu???ng Nam","Q.Thanh Kh??, ???? N???ng",1,,1100000130,10,"CN ??N","Ph???m Th??? Nguy???t",0911100130,V???,ĐANG_LÀM_VIỆC,2016-08-01,2016-08-01,12.00,,,"2026-04-16 23:50:32","2026-04-23 12:23:13",,
