notification_id,notification_type,title,content,sender_id,receiver_id,department_id,is_read,read_date,priority,reference_type,reference_id,action_url,expires_at,created_at
1,SALARY,"Phi???u l????ng th??ng 03/2024","Phi???u l????ng th??ng 03/2024 c???a b???n ???? ???????c c???p nh???t. Vui l??ng ki???m tra chi ti???t.",1,1,,0,,TRUNG_B?NH,NEWS,,,,"2024-04-05 10:05:00"
2,SALARY,"Phi???u l????ng th??ng 03/2024","Phi???u l????ng th??ng 03/2024 c???a b???n ???? ???????c c???p nh???t. Vui l??ng ki???m tra chi ti???t.",1,2,,0,,TRUNG_B?NH,NEWS,,,,"2024-04-05 10:05:00"
3,SALARY,"Phi???u l????ng th??ng 03/2024","Phi???u l????ng th??ng 03/2024 c???a b???n ???? ???????c c???p nh???t. Vui l??ng ki???m tra chi ti???t.",1,3,,0,,TRUNG_B?NH,NEWS,,,,"2024-04-05 10:05:00"
4,SALARY,"Phi???u l????ng th??ng 03/2024","Phi???u l????ng th??ng 03/2024 c???a b???n ???? ???????c c???p nh???t. Vui l??ng ki???m tra chi ti???t.",1,4,,0,,TRUNG_B?NH,NEWS,,,,"2024-04-05 10:05:00"
5,SALARY,"Phi???u l????ng th??ng 03/2024","Phi???u l????ng th??ng 03/2024 c???a b???n ???? ???????c c???p nh???t. Vui l??ng ki???m tra chi ti???t.",1,5,,1,"2024-04-05 12:05:00",TRUNG_B?NH,NEWS,,,,"2024-04-05 10:05:00"
6,SALARY,"Phi???u l????ng th??ng 03/2024","Phi???u l????ng th??ng 03/2024 c???a b???n ???? ???????c c???p nh???t. Vui l??ng ki???m tra chi ti???t.",1,6,,0,,TRUNG_B?NH,NEWS,,,,"2024-04-05 10:05:00"
7,SALARY,"Phi???u l????ng th??ng 03/2024","Phi???u l????ng th??ng 03/2024 c???a b???n ???? ???????c c???p nh???t. Vui l??ng ki???m tra chi ti???t.",1,7,,0,,TRUNG_B?NH,NEWS,,,,"2024-04-05 10:05:00"
8,SALARY,"Phi???u l????ng th??ng 03/2024","Phi???u l????ng th??ng 03/2024 c???a b???n ???? ???????c c???p nh???t. Vui l??ng ki???m tra chi ti???t.",1,8,,0,,TRUNG_B?NH,NEWS,,,,"2024-04-05 10:05:00"
9,SALARY,"Phi???u l????ng th??ng 03/2024","Phi???u l????ng th??ng 03/2024 c???a b???n ???? ???????c c???p nh???t. Vui l??ng ki???m tra chi ti???t.",1,9,,0,,TRUNG_B?NH,NEWS,,,,"2024-04-05 10:05:00"
10,SALARY,"Phi???u l????ng th??ng 03/2024","Phi???u l????ng th??ng 03/2024 c???a b???n ???? ???????c c???p nh???t. Vui l??ng ki???m tra chi ti???t.",1,10,,1,"2024-04-05 12:05:00",TRUNG_B?NH,NEWS,,,,"2024-04-05 10:05:00"
11,SALARY,"Phi???u l????ng th??ng 03/2024","Phi???u l????ng th??ng 03/2024 c???a b???n ???? ???????c c???p nh???t. Vui l??ng ki???m tra chi ti???t.",1,11,,0,,TRUNG_B?NH,NEWS,,,,"2024-04-05 10:05:00"
12,SALARY,"Phi???u l????ng th??ng 03/2024","Phi???u l????ng th??ng 03/2024 c???a b???n ???? ???????c c???p nh???t. Vui l??ng ki???m tra chi ti???t.",1,12,,0,,TRUNG_B?NH,NEWS,,,,"2024-04-05 10:05:00"
13,SALARY,"Phi???u l????ng th??ng 03/2024","Phi???u l????ng th??ng 03/2024 c???a b???n ???? ???????c c???p nh???t. Vui l??ng ki???m tra chi ti???t.",1,13,,0,,TRUNG_B?NH,NEWS,,,,"2024-04-05 10:05:00"
14,SALARY,"Phi???u l????ng th??ng 03/2024","Phi???u l????ng th??ng 03/2024 c???a b???n ???? ???????c c???p nh???t. Vui l??ng ki???m tra chi ti???t.",1,14,,0,,TRUNG_B?NH,NEWS,,,,"2024-04-05 10:05:00"
15,SALARY,"Phi???u l????ng th??ng 03/2024","Phi???u l????ng th??ng 03/2024 c???a b???n ???? ???????c c???p nh???t. Vui l??ng ki???m tra chi ti???t.",1,15,,1,"2024-04-05 12:05:00",TRUNG_B?NH,NEWS,,,,"2024-04-05 10:05:00"
16,SALARY,"Phi???u l????ng th??ng 03/2024","Phi???u l????ng th??ng 03/2024 c???a b???n ???? ???????c c???p nh???t. Vui l??ng ki???m tra chi ti???t.",1,16,,0,,TRUNG_B?NH,NEWS,,,,"2024-04-05 10:05:00"
17,SALARY,"Phi???u l????ng th??ng 03/2024","Phi???u l????ng th??ng 03/2024 c???a b???n ???? ???????c c???p nh???t. Vui l??ng ki???m tra chi ti???t.",1,17,,0,,TRUNG_B?NH,NEWS,,,,"2024-04-05 10:05:00"
18,SALARY,"Phi???u l????ng th??ng 03/2024","Phi???u l????ng th??ng 03/2024 c???a b???n ???? ???????c c???p nh???t. Vui l??ng ki???m tra chi ti???t.",1,18,,0,,TRUNG_B?NH,NEWS,,,,"2024-04-05 10:05:00"
19,SALARY,"Phi???u l????ng th??ng 03/2024","Phi???u l????ng th??ng 03/2024 c???a b???n ???? ???????c c???p nh???t. Vui l??ng ki???m tra chi ti???t.",1,19,,0,,TRUNG_B?NH,NEWS,,,,"2024-04-05 10:05:00"
20,SALARY,"Phi???u l????ng th??ng 03/2024","Phi???u l????ng th??ng 03/2024 c???a b???n ???? ???????c c???p nh???t. Vui l??ng ki???m tra chi ti???t.",1,20,,1,"2024-04-05 12:05:00",TRUNG_B?NH,NEWS,,,,"2024-04-05 10:05:00"
21,SALARY,"Phi???u l????ng th??ng 03/2024","Phi???u l????ng th??ng 03/2024 c???a b???n ???? ???????c c???p nh???t. Vui l??ng ki???m tra chi ti???t.",1,21,,0,,TRUNG_B?NH,NEWS,,,,"2024-04-05 10:05:00"
22,SALARY,"Phi???u l????ng th??ng 03/2024","Phi???u l????ng th??ng 03/2024 c???a b???n ???? ???????c c???p nh???t. Vui l??ng ki???m tra chi ti???t.",1,22,,0,,TRUNG_B?NH,NEWS,,,,"2024-04-05 10:05:00"
23,SALARY,"Phi???u l????ng th??ng 03/2024","Phi???u l????ng th??ng 03/2024 c???a b???n ???? ???????c c???p nh???t. Vui l??ng ki???m tra chi ti???t.",1,23,,0,,TRUNG_B?NH,NEWS,,,,"2024-04-05 10:05:00"
24,SALARY,"Phi???u l????ng th??ng 03/2024","Phi???u l????ng th??ng 03/2024 c???a b???n ???? ???????c c???p nh???t. Vui l??ng ki???m tra chi ti???t.",1,24,,0,,TRUNG_B?NH,NEWS,,,,"2024-04-05 10:05:00"
25,SALARY,"Phi???u l????ng th??ng 03/2024","Phi???u l????ng th??ng 03/2024 c???a b???n ???? ???????c c???p nh???t. Vui l??ng ki???m tra chi ti???t.",1,25,,1,"2024-04-05 12:05:00",TRUNG_B?NH,NEWS,,,,"2024-04-05 10:05:00"
26,SALARY,"Phi???u l????ng th??ng 03/2024","Phi???u l????ng th??ng 03/2024 c???a b???n ???? ???????c c???p nh???t. Vui l??ng ki???m tra chi ti???t.",1,26,,0,,TRUNG_B?NH,NEWS,,,,"2024-04-05 10:05:00"
27,SALARY,"Phi???u l????ng th??ng 03/2024","Phi???u l????ng th??ng 03/2024 c???a b???n ???? ???????c c???p nh???t. Vui l??ng ki???m tra chi ti???t.",1,27,,0,,TRUNG_B?NH,NEWS,,,,"2024-04-05 10:05:00"
28,SALARY,"Phi???u l????ng th??ng 03/2024","Phi???u l????ng th??ng 03/2024 c???a b???n ???? ???????c c???p nh???t. Vui l??ng ki???m tra chi ti???t.",1,28,,0,,TRUNG_B?NH,NEWS,,,,"2024-04-05 10:05:00"
29,SALARY,"Phi???u l????ng th??ng 03/2024","Phi???u l????ng th??ng 03/2024 c???a b???n ???? ???????c c???p nh???t. Vui l??ng ki???m tra chi ti???t.",1,30,,0,,TRUNG_B?NH,NEWS,,,,"2024-04-05 10:05:00"
30,SALARY,"Phi???u l????ng th??ng 03/2024","Phi???u l????ng th??ng 03/2024 c???a b???n ???? ???????c c???p nh???t. Vui l??ng ki???m tra chi ti???t.",1,31,,1,"2024-04-05 12:05:00",TRUNG_B?NH,NEWS,,,,"2024-04-05 10:05:00"
31,SALARY,"Phi???u l????ng th??ng 03/2024","Phi???u l????ng th??ng 03/2024 c???a b???n ???? ???????c c???p nh???t. Vui l??ng ki???m tra chi ti???t.",1,32,,0,,TRUNG_B?NH,NEWS,,,,"2024-04-05 10:05:00"
32,SALARY,"Phi???u l????ng th??ng 03/2024","Phi???u l????ng th??ng 03/2024 c???a b???n ???? ???????c c???p nh???t. Vui l??ng ki???m tra chi ti???t.",1,33,,0,,TRUNG_B?NH,NEWS,,,,"2024-04-05 10:05:00"
33,SALARY,"Phi???u l????ng th??ng 03/2024","Phi???u l????ng th??ng 03/2024 c???a b???n ???? ???????c c???p nh???t. Vui l??ng ki???m tra chi ti???t.",1,34,,0,,TRUNG_B?NH,NEWS,,,,"2024-04-05 10:05:00"
34,SALARY,"Phi???u l????ng th??ng 03/2024","Phi???u l????ng th??ng 03/2024 c???a b???n ???? ???????c c???p nh???t. Vui l??ng ki???m tra chi ti???t.",1,35,,0,,TRUNG_B?NH,NEWS,,,,"2024-04-05 10:05:00"
35,SALARY,"Phi???u l????ng th??ng 03/2024","Phi???u l????ng th??ng 03/2024 c???a b???n ???? ???????c c???p nh???t. Vui l??ng ki???m tra chi ti???t.",1,36,,1,"2024-04-05 12:05:00",TRUNG_B?NH,NEWS,,,,"2024-04-05 10:05:00"
36,SALARY,"Phi???u l????ng th??ng 03/2024","Phi???u l????ng th??ng 03/2024 c???a b???n ???? ???????c c???p nh???t. Vui l??ng ki???m tra chi ti???t.",1,37,,0,,TRUNG_B?NH,NEWS,,,,"2024-04-05 10:05:00"
37,SALARY,"Phi???u l????ng th??ng 03/2024","Phi???u l????ng th??ng 03/2024 c???a b???n ???? ???????c c???p nh???t. Vui l??ng ki???m tra chi ti???t.",1,38,,0,,TRUNG_B?NH,NEWS,,,,"2024-04-05 10:05:00"
38,SALARY,"Phi???u l????ng th??ng 03/2024","Phi???u l????ng th??ng 03/2024 c???a b???n ???? ???????c c???p nh???t. Vui l??ng ki???m tra chi ti???t.",1,40,,0,,TRUNG_B?NH,NEWS,,,,"2024-04-05 10:05:00"
39,SALARY,"Phi???u l????ng th??ng 03/2024","Phi???u l????ng th??ng 03/2024 c???a b???n ???? ???????c c???p nh???t. Vui l??ng ki???m tra chi ti???t.",1,41,,0,,TRUNG_B?NH,NEWS,,,,"2024-04-05 10:05:00"
40,SALARY,"Phi???u l????ng th??ng 03/2024","Phi???u l????ng th??ng 03/2024 c???a b???n ???? ???????c c???p nh???t. Vui l??ng ki???m tra chi ti???t.",1,42,,1,"2024-04-05 12:05:00",TRUNG_B?NH,NEWS,,,,"2024-04-05 10:05:00"
41,SALARY,"Phi???u l????ng th??ng 03/2024","Phi???u l????ng th??ng 03/2024 c???a b???n ???? ???????c c???p nh???t. Vui l??ng ki???m tra chi ti???t.",1,43,,0,,TRUNG_B?NH,NEWS,,,,"2024-04-05 10:05:00"
42,SALARY,"Phi???u l????ng th??ng 03/2024","Phi???u l????ng th??ng 03/2024 c???a b???n ???? ???????c c???p nh???t. Vui l??ng ki???m tra chi ti???t.",1,44,,0,,TRUNG_B?NH,NEWS,,,,"2024-04-05 10:05:00"
43,SALARY,"Phi???u l????ng th??ng 03/2024","Phi???u l????ng th??ng 03/2024 c???a b???n ???? ???????c c???p nh???t. Vui l??ng ki???m tra chi ti???t.",1,45,,0,,TRUNG_B?NH,NEWS,,,,"2024-04-05 10:05:00"
44,SALARY,"Phi???u l????ng th??ng 03/2024","Phi???u l????ng th??ng 03/2024 c???a b???n ???? ???????c c???p nh???t. Vui l??ng ki???m tra chi ti???t.",1,46,,0,,TRUNG_B?NH,NEWS,,,,"2024-04-05 10:05:00"
45,SALARY,"Phi???u l????ng th??ng 03/2024","Phi???u l????ng th??ng 03/2024 c???a b???n ???? ???????c c???p nh???t. Vui l??ng ki???m tra chi ti???t.",1,47,,1,"2024-04-05 12:05:00",TRUNG_B?NH,NEWS,,,,"2024-04-05 10:05:00"
46,SALARY,"Phi???u l????ng th??ng 03/2024","Phi???u l????ng th??ng 03/2024 c???a b???n ???? ???????c c???p nh???t. Vui l??ng ki???m tra chi ti???t.",1,48,,0,,TRUNG_B?NH,NEWS,,,,"2024-04-05 10:05:00"
47,SALARY,"Phi???u l????ng th??ng 03/2024","Phi???u l????ng th??ng 03/2024 c???a b???n ???? ???????c c???p nh???t. Vui l??ng ki???m tra chi ti???t.",1,49,,0,,TRUNG_B?NH,NEWS,,,,"2024-04-05 10:05:00"
48,SALARY,"Phi???u l????ng th??ng 03/2024","Phi???u l????ng th??ng 03/2024 c???a b???n ???? ???????c c???p nh???t. Vui l??ng ki???m tra chi ti???t.",1,50,,0,,TRUNG_B?NH,NEWS,,,,"2024-04-05 10:05:00"
49,SALARY,"Phi???u l????ng th??ng 03/2024","Phi???u l????ng th??ng 03/2024 c???a b???n ???? ???????c c???p nh???t. Vui l??ng ki???m tra chi ti???t.",1,51,,0,,TRUNG_B?NH,NEWS,,,,"2024-04-05 10:05:00"
50,SALARY,"Phi???u l????ng th??ng 03/2024","Phi???u l????ng th??ng 03/2024 c???a b???n ???? ???????c c???p nh???t. Vui l??ng ki???m tra chi ti???t.",1,53,,1,"2024-04-05 12:05:00",TRUNG_B?NH,NEWS,,,,"2024-04-05 10:05:00"
51,SALARY,"Phi???u l????ng th??ng 03/2024","Phi???u l????ng th??ng 03/2024 c???a b???n ???? ???????c c???p nh???t. Vui l??ng ki???m tra chi ti???t.",1,54,,0,,TRUNG_B?NH,NEWS,,,,"2024-04-05 10:05:00"
52,SALARY,"Phi???u l????ng th??ng 03/2024","Phi???u l????ng th??ng 03/2024 c???a b???n ???? ???????c c???p nh???t. Vui l??ng ki???m tra chi ti???t.",1,55,,0,,TRUNG_B?NH,NEWS,,,,"2024-04-05 10:05:00"
53,SALARY,"Phi???u l????ng th??ng 03/2024","Phi???u l????ng th??ng 03/2024 c???a b???n ???? ???????c c???p nh???t. Vui l??ng ki???m tra chi ti???t.",1,56,,0,,TRUNG_B?NH,NEWS,,,,"2024-04-05 10:05:00"
54,SALARY,"Phi???u l????ng th??ng 03/2024","Phi???u l????ng th??ng 03/2024 c???a b???n ???? ???????c c???p nh???t. Vui l??ng ki???m tra chi ti???t.",1,57,,0,,TRUNG_B?NH,NEWS,,,,"2024-04-05 10:05:00"
55,SALARY,"Phi???u l????ng th??ng 03/2024","Phi???u l????ng th??ng 03/2024 c???a b???n ???? ???????c c???p nh???t. Vui l??ng ki???m tra chi ti???t.",1,58,,1,"2024-04-05 12:05:00",TRUNG_B?NH,NEWS,,,,"2024-04-05 10:05:00"
56,SALARY,"Phi???u l????ng th??ng 03/2024","Phi???u l????ng th??ng 03/2024 c???a b???n ???? ???????c c???p nh???t. Vui l??ng ki???m tra chi ti???t.",1,59,,0,,TRUNG_B?NH,NEWS,,,,"2024-04-05 10:05:00"
57,SALARY,"Phi???u l????ng th??ng 03/2024","Phi???u l????ng th??ng 03/2024 c???a b???n ???? ???????c c???p nh???t. Vui l??ng ki???m tra chi ti???t.",1,60,,0,,TRUNG_B?NH,NEWS,,,,"2024-04-05 10:05:00"
58,SALARY,"Phi???u l????ng th??ng 03/2024","Phi???u l????ng th??ng 03/2024 c???a b???n ???? ???????c c???p nh???t. Vui l??ng ki???m tra chi ti???t.",1,61,,0,,TRUNG_B?NH,NEWS,,,,"2024-04-05 10:05:00"
59,SALARY,"Phi???u l????ng th??ng 03/2024","Phi???u l????ng th??ng 03/2024 c???a b???n ???? ???????c c???p nh???t. Vui l??ng ki???m tra chi ti???t.",1,63,,0,,TRUNG_B?NH,NEWS,,,,"2024-04-05 10:05:00"
60,SALARY,"Phi???u l????ng th??ng 03/2024","Phi???u l????ng th??ng 03/2024 c???a b???n ???? ???????c c???p nh???t. Vui l??ng ki???m tra chi ti???t.",1,64,,1,"2024-04-05 12:05:00",TRUNG_B?NH,NEWS,,,,"2024-04-05 10:05:00"
61,SALARY,"Phi???u l????ng th??ng 03/2024","Phi???u l????ng th??ng 03/2024 c???a b???n ???? ???????c c???p nh???t. Vui l??ng ki???m tra chi ti???t.",1,65,,0,,TRUNG_B?NH,NEWS,,,,"2024-04-05 10:05:00"
62,SALARY,"Phi???u l????ng th??ng 03/2024","Phi???u l????ng th??ng 03/2024 c???a b???n ???? ???????c c???p nh???t. Vui l??ng ki???m tra chi ti???t.",1,66,,0,,TRUNG_B?NH,NEWS,,,,"2024-04-05 10:05:00"
63,SALARY,"Phi???u l????ng th??ng 03/2024","Phi???u l????ng th??ng 03/2024 c???a b???n ???? ???????c c???p nh???t. Vui l??ng ki???m tra chi ti???t.",1,67,,0,,TRUNG_B?NH,NEWS,,,,"2024-04-05 10:05:00"
64,SALARY,"Phi???u l????ng th??ng 03/2024","Phi???u l????ng th??ng 03/2024 c???a b???n ???? ???????c c???p nh???t. Vui l??ng ki???m tra chi ti???t.",1,68,,0,,TRUNG_B?NH,NEWS,,,,"2024-04-05 10:05:00"
65,SALARY,"Phi???u l????ng th??ng 03/2024","Phi???u l????ng th??ng 03/2024 c???a b???n ???? ???????c c???p nh???t. Vui l??ng ki???m tra chi ti???t.",1,69,,1,"2024-04-05 12:05:00",TRUNG_B?NH,NEWS,,,,"2024-04-05 10:05:00"
66,SALARY,"Phi???u l????ng th??ng 03/2024","Phi???u l????ng th??ng 03/2024 c???a b???n ???? ???????c c???p nh???t. Vui l??ng ki???m tra chi ti???t.",1,70,,0,,TRUNG_B?NH,NEWS,,,,"2024-04-05 10:05:00"
67,SALARY,"Phi???u l????ng th??ng 03/2024","Phi???u l????ng th??ng 03/2024 c???a b???n ???? ???????c c???p nh???t. Vui l??ng ki???m tra chi ti???t.",1,71,,0,,TRUNG_B?NH,NEWS,,,,"2024-04-05 10:05:00"
68,SALARY,"Phi???u l????ng th??ng 03/2024","Phi???u l????ng th??ng 03/2024 c???a b???n ???? ???????c c???p nh???t. Vui l??ng ki???m tra chi ti???t.",1,72,,0,,TRUNG_B?NH,NEWS,,,,"2024-04-05 10:05:00"
69,SALARY,"Phi???u l????ng th??ng 03/2024","Phi???u l????ng th??ng 03/2024 c???a b???n ???? ???????c c???p nh???t. Vui l??ng ki???m tra chi ti???t.",1,74,,0,,TRUNG_B?NH,NEWS,,,,"2024-04-05 10:05:00"
70,SALARY,"Phi???u l????ng th??ng 03/2024","Phi???u l????ng th??ng 03/2024 c???a b???n ???? ???????c c???p nh???t. Vui l??ng ki???m tra chi ti???t.",1,75,,1,"2024-04-05 12:05:00",TRUNG_B?NH,NEWS,,,,"2024-04-05 10:05:00"
71,SALARY,"Phi???u l????ng th??ng 03/2024","Phi???u l????ng th??ng 03/2024 c???a b???n ???? ???????c c???p nh???t. Vui l??ng ki???m tra chi ti???t.",1,76,,0,,TRUNG_B?NH,NEWS,,,,"2024-04-05 10:05:00"
72,SALARY,"Phi???u l????ng th??ng 03/2024","Phi???u l????ng th??ng 03/2024 c???a b???n ???? ???????c c???p nh???t. Vui l??ng ki???m tra chi ti???t.",1,77,,0,,TRUNG_B?NH,NEWS,,,,"2024-04-05 10:05:00"
73,SALARY,"Phi???u l????ng th??ng 03/2024","Phi???u l????ng th??ng 03/2024 c???a b???n ???? ???????c c???p nh???t. Vui l??ng ki???m tra chi ti???t.",1,78,,0,,TRUNG_B?NH,NEWS,,,,"2024-04-05 10:05:00"
74,SALARY,"Phi???u l????ng th??ng 03/2024","Phi???u l????ng th??ng 03/2024 c???a b???n ???? ???????c c???p nh???t. Vui l??ng ki???m tra chi ti???t.",1,79,,0,,TRUNG_B?NH,NEWS,,,,"2024-04-05 10:05:00"
75,SALARY,"Phi???u l????ng th??ng 03/2024","Phi???u l????ng th??ng 03/2024 c???a b???n ???? ???????c c???p nh???t. Vui l??ng ki???m tra chi ti???t.",1,80,,1,"2024-04-05 12:05:00",TRUNG_B?NH,NEWS,,,,"2024-04-05 10:05:00"
76,SALARY,"Phi???u l????ng th??ng 03/2024","Phi???u l????ng th??ng 03/2024 c???a b???n ???? ???????c c???p nh???t. Vui l??ng ki???m tra chi ti???t.",1,81,,0,,TRUNG_B?NH,NEWS,,,,"2024-04-05 10:05:00"
77,SALARY,"Phi???u l????ng th??ng 03/2024","Phi???u l????ng th??ng 03/2024 c???a b???n ???? ???????c c???p nh???t. Vui l??ng ki???m tra chi ti???t.",1,82,,0,,TRUNG_B?NH,NEWS,,,,"2024-04-05 10:05:00"
78,SALARY,"Phi???u l????ng th??ng 03/2024","Phi???u l????ng th??ng 03/2024 c???a b???n ???? ???????c c???p nh???t. Vui l??ng ki???m tra chi ti???t.",1,83,,0,,TRUNG_B?NH,NEWS,,,,"2024-04-05 10:05:00"
79,SALARY,"Phi???u l????ng th??ng 03/2024","Phi???u l????ng th??ng 03/2024 c???a b???n ???? ???????c c???p nh???t. Vui l??ng ki???m tra chi ti???t.",1,84,,0,,TRUNG_B?NH,NEWS,,,,"2024-04-05 10:05:00"
80,SALARY,"Phi???u l????ng th??ng 03/2024","Phi???u l????ng th??ng 03/2024 c???a b???n ???? ???????c c???p nh???t. Vui l??ng ki???m tra chi ti???t.",1,85,,1,"2024-04-05 12:05:00",TRUNG_B?NH,NEWS,,,,"2024-04-05 10:05:00"
81,SALARY,"Phi???u l????ng th??ng 03/2024","Phi???u l????ng th??ng 03/2024 c???a b???n ???? ???????c c???p nh???t. Vui l??ng ki???m tra chi ti???t.",1,86,,0,,TRUNG_B?NH,NEWS,,,,"2024-04-05 10:05:00"
82,SALARY,"Phi???u l????ng th??ng 03/2024","Phi???u l????ng th??ng 03/2024 c???a b???n ???? ???????c c???p nh???t. Vui l??ng ki???m tra chi ti???t.",1,87,,0,,TRUNG_B?NH,NEWS,,,,"2024-04-05 10:05:00"
83,SALARY,"Phi???u l????ng th??ng 03/2024","Phi???u l????ng th??ng 03/2024 c???a b???n ???? ???????c c???p nh???t. Vui l??ng ki???m tra chi ti???t.",1,88,,0,,TRUNG_B?NH,NEWS,,,,"2024-04-05 10:05:00"
84,SALARY,"Phi???u l????ng th??ng 03/2024","Phi???u l????ng th??ng 03/2024 c???a b???n ???? ???????c c???p nh???t. Vui l??ng ki???m tra chi ti???t.",1,89,,0,,TRUNG_B?NH,NEWS,,,,"2024-04-05 10:05:00"
85,SALARY,"Phi???u l????ng th??ng 03/2024","Phi???u l????ng th??ng 03/2024 c???a b???n ???? ???????c c???p nh???t. Vui l??ng ki???m tra chi ti???t.",1,90,,1,"2024-04-05 12:05:00",TRUNG_B?NH,NEWS,,,,"2024-04-05 10:05:00"
86,SALARY,"Phi???u l????ng th??ng 03/2024","Phi???u l????ng th??ng 03/2024 c???a b???n ???? ???????c c???p nh???t. Vui l??ng ki???m tra chi ti???t.",1,91,,0,,TRUNG_B?NH,NEWS,,,,"2024-04-05 10:05:00"
87,SALARY,"Phi???u l????ng th??ng 03/2024","Phi???u l????ng th??ng 03/2024 c???a b???n ???? ???????c c???p nh???t. Vui l??ng ki???m tra chi ti???t.",1,93,,0,,TRUNG_B?NH,NEWS,,,,"2024-04-05 10:05:00"
88,SALARY,"Phi???u l????ng th??ng 03/2024","Phi???u l????ng th??ng 03/2024 c???a b???n ???? ???????c c???p nh???t. Vui l??ng ki???m tra chi ti???t.",1,94,,0,,TRUNG_B?NH,NEWS,,,,"2024-04-05 10:05:00"
89,SALARY,"Phi???u l????ng th??ng 03/2024","Phi???u l????ng th??ng 03/2024 c???a b???n ???? ???????c c???p nh???t. Vui l??ng ki???m tra chi ti???t.",1,95,,0,,TRUNG_B?NH,NEWS,,,,"2024-04-05 10:05:00"
90,SALARY,"Phi???u l????ng th??ng 03/2024","Phi???u l????ng th??ng 03/2024 c???a b???n ???? ???????c c???p nh???t. Vui l??ng ki???m tra chi ti???t.",1,96,,1,"2024-04-05 12:05:00",TRUNG_B?NH,NEWS,,,,"2024-04-05 10:05:00"
91,SALARY,"Phi???u l????ng th??ng 03/2024","Phi???u l????ng th??ng 03/2024 c???a b???n ???? ???????c c???p nh???t. Vui l??ng ki???m tra chi ti???t.",1,97,,0,,TRUNG_B?NH,NEWS,,,,"2024-04-05 10:05:00"
92,SALARY,"Phi???u l????ng th??ng 03/2024","Phi???u l????ng th??ng 03/2024 c???a b???n ???? ???????c c???p nh???t. Vui l??ng ki???m tra chi ti???t.",1,98,,0,,TRUNG_B?NH,NEWS,,,,"2024-04-05 10:05:00"
93,SALARY,"Phi???u l????ng th??ng 03/2024","Phi???u l????ng th??ng 03/2024 c???a b???n ???? ???????c c???p nh???t. Vui l??ng ki???m tra chi ti???t.",1,99,,0,,TRUNG_B?NH,NEWS,,,,"2024-04-05 10:05:00"
94,SALARY,"Phi???u l????ng th??ng 03/2024","Phi???u l????ng th??ng 03/2024 c???a b???n ???? ???????c c???p nh???t. Vui l??ng ki???m tra chi ti???t.",1,100,,0,,TRUNG_B?NH,NEWS,,,,"2024-04-05 10:05:00"
95,SALARY,"Phi???u l????ng th??ng 03/2024","Phi???u l????ng th??ng 03/2024 c???a b???n ???? ???????c c???p nh???t. Vui l??ng ki???m tra chi ti???t.",1,101,,1,"2024-04-05 12:05:00",TRUNG_B?NH,NEWS,,,,"2024-04-05 10:05:00"
96,SALARY,"Phi???u l????ng th??ng 03/2024","Phi???u l????ng th??ng 03/2024 c???a b???n ???? ???????c c???p nh???t. Vui l??ng ki???m tra chi ti???t.",1,102,,0,,TRUNG_B?NH,NEWS,,,,"2024-04-05 10:05:00"
97,SALARY,"Phi???u l????ng th??ng 03/2024","Phi???u l????ng th??ng 03/2024 c???a b???n ???? ???????c c???p nh???t. Vui l??ng ki???m tra chi ti???t.",1,103,,0,,TRUNG_B?NH,NEWS,,,,"2024-04-05 10:05:00"
98,SALARY,"Phi???u l????ng th??ng 03/2024","Phi???u l????ng th??ng 03/2024 c???a b???n ???? ???????c c???p nh???t. Vui l??ng ki???m tra chi ti???t.",1,104,,0,,TRUNG_B?NH,NEWS,,,,"2024-04-05 10:05:00"
99,SALARY,"Phi???u l????ng th??ng 03/2024","Phi???u l????ng th??ng 03/2024 c???a b???n ???? ???????c c???p nh???t. Vui l??ng ki???m tra chi ti???t.",1,105,,0,,TRUNG_B?NH,NEWS,,,,"2024-04-05 10:05:00"
100,SALARY,"Phi???u l????ng th??ng 03/2024","Phi???u l????ng th??ng 03/2024 c???a b???n ???? ???????c c???p nh???t. Vui l??ng ki???m tra chi ti???t.",1,106,,1,"2024-04-05 12:05:00",TRUNG_B?NH,NEWS,,,,"2024-04-05 10:05:00"
101,SALARY,"Phi???u l????ng th??ng 03/2024","Phi???u l????ng th??ng 03/2024 c???a b???n ???? ???????c c???p nh???t. Vui l??ng ki???m tra chi ti???t.",1,107,,0,,TRUNG_B?NH,NEWS,,,,"2024-04-05 10:05:00"
102,SALARY,"Phi???u l????ng th??ng 03/2024","Phi???u l????ng th??ng 03/2024 c???a b???n ???? ???????c c???p nh???t. Vui l??ng ki???m tra chi ti???t.",1,108,,0,,TRUNG_B?NH,NEWS,,,,"2024-04-05 10:05:00"
103,SALARY,"Phi???u l????ng th??ng 03/2024","Phi???u l????ng th??ng 03/2024 c???a b???n ???? ???????c c???p nh???t. Vui l??ng ki???m tra chi ti???t.",1,109,,0,,TRUNG_B?NH,NEWS,,,,"2024-04-05 10:05:00"
104,SALARY,"Phi???u l????ng th??ng 03/2024","Phi???u l????ng th??ng 03/2024 c???a b???n ???? ???????c c???p nh???t. Vui l??ng ki???m tra chi ti???t.",1,110,,0,,TRUNG_B?NH,NEWS,,,,"2024-04-05 10:05:00"
105,SALARY,"Phi???u l????ng th??ng 03/2024","Phi???u l????ng th??ng 03/2024 c???a b???n ???? ???????c c???p nh???t. Vui l??ng ki???m tra chi ti???t.",1,111,,1,"2024-04-05 12:05:00",TRUNG_B?NH,NEWS,,,,"2024-04-05 10:05:00"
106,SALARY,"Phi???u l????ng th??ng 03/2024","Phi???u l????ng th??ng 03/2024 c???a b???n ???? ???????c c???p nh???t. Vui l??ng ki???m tra chi ti???t.",1,112,,0,,TRUNG_B?NH,NEWS,,,,"2024-04-05 10:05:00"
107,SALARY,"Phi???u l????ng th??ng 03/2024","Phi???u l????ng th??ng 03/2024 c???a b???n ???? ???????c c???p nh???t. Vui l??ng ki???m tra chi ti???t.",1,114,,0,,TRUNG_B?NH,NEWS,,,,"2024-04-05 10:05:00"
108,SALARY,"Phi???u l????ng th??ng 03/2024","Phi???u l????ng th??ng 03/2024 c???a b???n ???? ???????c c???p nh???t. Vui l??ng ki???m tra chi ti???t.",1,115,,0,,TRUNG_B?NH,NEWS,,,,"2024-04-05 10:05:00"
109,SALARY,"Phi???u l????ng th??ng 03/2024","Phi???u l????ng th??ng 03/2024 c???a b???n ???? ???????c c???p nh???t. Vui l??ng ki???m tra chi ti???t.",1,116,,0,,TRUNG_B?NH,NEWS,,,,"2024-04-05 10:05:00"
110,SALARY,"Phi???u l????ng th??ng 03/2024","Phi???u l????ng th??ng 03/2024 c???a b???n ???? ???????c c???p nh???t. Vui l??ng ki???m tra chi ti???t.",1,117,,1,"2024-04-05 12:05:00",TRUNG_B?NH,NEWS,,,,"2024-04-05 10:05:00"
111,SALARY,"Phi???u l????ng th??ng 03/2024","Phi???u l????ng th??ng 03/2024 c???a b???n ???? ???????c c???p nh???t. Vui l??ng ki???m tra chi ti???t.",1,118,,0,,TRUNG_B?NH,NEWS,,,,"2024-04-05 10:05:00"
112,SALARY,"Phi???u l????ng th??ng 03/2024","Phi???u l????ng th??ng 03/2024 c???a b???n ???? ???????c c???p nh???t. Vui l??ng ki???m tra chi ti???t.",1,119,,0,,TRUNG_B?NH,NEWS,,,,"2024-04-05 10:05:00"
113,SALARY,"Phi???u l????ng th??ng 03/2024","Phi???u l????ng th??ng 03/2024 c???a b???n ???? ???????c c???p nh???t. Vui l??ng ki???m tra chi ti???t.",1,120,,0,,TRUNG_B?NH,NEWS,,,,"2024-04-05 10:05:00"
114,SALARY,"Phi???u l????ng th??ng 03/2024","Phi???u l????ng th??ng 03/2024 c???a b???n ???? ???????c c???p nh???t. Vui l??ng ki???m tra chi ti???t.",1,121,,0,,TRUNG_B?NH,NEWS,,,,"2024-04-05 10:05:00"
115,SALARY,"Phi???u l????ng th??ng 03/2024","Phi???u l????ng th??ng 03/2024 c???a b???n ???? ???????c c???p nh???t. Vui l??ng ki???m tra chi ti???t.",1,122,,1,"2024-04-05 12:05:00",TRUNG_B?NH,NEWS,,,,"2024-04-05 10:05:00"
116,SALARY,"Phi???u l????ng th??ng 03/2024","Phi???u l????ng th??ng 03/2024 c???a b???n ???? ???????c c???p nh???t. Vui l??ng ki???m tra chi ti???t.",1,124,,0,,TRUNG_B?NH,NEWS,,,,"2024-04-05 10:05:00"
117,SALARY,"Phi???u l????ng th??ng 03/2024","Phi???u l????ng th??ng 03/2024 c???a b???n ???? ???????c c???p nh???t. Vui l??ng ki???m tra chi ti???t.",1,125,,0,,TRUNG_B?NH,NEWS,,,,"2024-04-05 10:05:00"
118,SALARY,"Phi???u l????ng th??ng 03/2024","Phi???u l????ng th??ng 03/2024 c???a b???n ???? ???????c c???p nh???t. Vui l??ng ki???m tra chi ti???t.",1,127,,0,,TRUNG_B?NH,NEWS,,,,"2024-04-05 10:05:00"
119,SALARY,"Phi???u l????ng th??ng 03/2024","Phi???u l????ng th??ng 03/2024 c???a b???n ???? ???????c c???p nh???t. Vui l??ng ki???m tra chi ti???t.",1,128,,0,,TRUNG_B?NH,NEWS,,,,"2024-04-05 10:05:00"
120,SALARY,"Phi???u l????ng th??ng 03/2024","Phi???u l????ng th??ng 03/2024 c???a b???n ???? ???????c c???p nh???t. Vui l??ng ki???m tra chi ti???t.",1,129,,1,"2024-04-05 12:05:00",TRUNG_B?NH,NEWS,,,,"2024-04-05 10:05:00"
121,SALARY,"Phi???u l????ng th??ng 03/2024","Phi???u l????ng th??ng 03/2024 c???a b???n ???? ???????c c???p nh???t. Vui l??ng ki???m tra chi ti???t.",1,130,,0,,TRUNG_B?NH,NEWS,,,,"2024-04-05 10:05:00"
122,SALARY,"Phi???u l????ng th??ng 03/2024","Phi???u l????ng th??ng 03/2024 c???a b???n ???? ???????c c???p nh???t. Vui l??ng ki???m tra chi ti???t.",1,29,,0,,TRUNG_B?NH,NEWS,,,,"2024-04-05 10:05:00"
123,SALARY,"Phi???u l????ng th??ng 03/2024","Phi???u l????ng th??ng 03/2024 c???a b???n ???? ???????c c???p nh???t. Vui l??ng ki???m tra chi ti???t.",1,39,,0,,TRUNG_B?NH,NEWS,,,,"2024-04-05 10:05:00"
124,SALARY,"Phi???u l????ng th??ng 03/2024","Phi???u l????ng th??ng 03/2024 c???a b???n ???? ???????c c???p nh???t. Vui l??ng ki???m tra chi ti???t.",1,52,,0,,TRUNG_B?NH,NEWS,,,,"2024-04-05 10:05:00"
125,SALARY,"Phi???u l????ng th??ng 03/2024","Phi???u l????ng th??ng 03/2024 c???a b???n ???? ???????c c???p nh???t. Vui l??ng ki???m tra chi ti???t.",1,62,,1,"2024-04-05 12:05:00",TRUNG_B?NH,NEWS,,,,"2024-04-05 10:05:00"
126,SALARY,"Phi???u l????ng th??ng 03/2024","Phi???u l????ng th??ng 03/2024 c???a b???n ???? ???????c c???p nh???t. Vui l??ng ki???m tra chi ti???t.",1,113,,0,,TRUNG_B?NH,NEWS,,,,"2024-04-05 10:05:00"
127,SALARY,"Phi???u l????ng th??ng 03/2024","Phi???u l????ng th??ng 03/2024 c???a b???n ???? ???????c c???p nh???t. Vui l??ng ki???m tra chi ti???t.",1,126,,0,,TRUNG_B?NH,NEWS,,,,"2024-04-05 10:05:00"
128,SALARY,"Phi???u l????ng th??ng 03/2024","Phi???u l????ng th??ng 03/2024 c???a b???n ???? ???????c c???p nh???t. Vui l??ng ki???m tra chi ti???t.",1,92,,0,,TRUNG_B?NH,NEWS,,,,"2024-04-05 10:05:00"
256,SYSTEM,"Tin t???c m???i: L???ch ngh??? l??? 30/04","Vui l??ng ?????c th??ng b??o m???i nh???t v??? l???ch ngh??? l??? 30/04 v?? 01/05.",1,1,,0,,CAO,NEWS,1,,,"2024-04-15 08:05:00"
257,SYSTEM,"Tin t???c m???i: L???ch ngh??? l??? 30/04","Vui l??ng ?????c th??ng b??o m???i nh???t v??? l???ch ngh??? l??? 30/04 v?? 01/05.",1,2,,0,,CAO,NEWS,1,,,"2024-04-15 08:05:00"
258,SYSTEM,"Tin t???c m???i: L???ch ngh??? l??? 30/04","Vui l??ng ?????c th??ng b??o m???i nh???t v??? l???ch ngh??? l??? 30/04 v?? 01/05.",1,3,,0,,CAO,NEWS,1,,,"2024-04-15 08:05:00"
259,SYSTEM,"Tin t???c m???i: L???ch ngh??? l??? 30/04","Vui l??ng ?????c th??ng b??o m???i nh???t v??? l???ch ngh??? l??? 30/04 v?? 01/05.",1,4,,0,,CAO,NEWS,1,,,"2024-04-15 08:05:00"
260,SYSTEM,"Tin t???c m???i: L???ch ngh??? l??? 30/04","Vui l??ng ?????c th??ng b??o m???i nh???t v??? l???ch ngh??? l??? 30/04 v?? 01/05.",1,5,,1,"2024-04-15 10:05:00",CAO,NEWS,1,,,"2024-04-15 08:05:00"
261,SYSTEM,"Tin t???c m???i: L???ch ngh??? l??? 30/04","Vui l??ng ?????c th??ng b??o m???i nh???t v??? l???ch ngh??? l??? 30/04 v?? 01/05.",1,6,,0,,CAO,NEWS,1,,,"2024-04-15 08:05:00"
262,SYSTEM,"Tin t???c m???i: L???ch ngh??? l??? 30/04","Vui l??ng ?????c th??ng b??o m???i nh???t v??? l???ch ngh??? l??? 30/04 v?? 01/05.",1,7,,0,,CAO,NEWS,1,,,"2024-04-15 08:05:00"
263,SYSTEM,"Tin t???c m???i: L???ch ngh??? l??? 30/04","Vui l??ng ?????c th??ng b??o m???i nh???t v??? l???ch ngh??? l??? 30/04 v?? 01/05.",1,8,,0,,CAO,NEWS,1,,,"2024-04-15 08:05:00"
264,SYSTEM,"Tin t???c m???i: L???ch ngh??? l??? 30/04","Vui l??ng ?????c th??ng b??o m???i nh???t v??? l???ch ngh??? l??? 30/04 v?? 01/05.",1,9,,0,,CAO,NEWS,1,,,"2024-04-15 08:05:00"
265,SYSTEM,"Tin t???c m???i: L???ch ngh??? l??? 30/04","Vui l??ng ?????c th??ng b??o m???i nh???t v??? l???ch ngh??? l??? 30/04 v?? 01/05.",1,10,,1,"2024-04-15 10:05:00",CAO,NEWS,1,,,"2024-04-15 08:05:00"
266,SYSTEM,"Tin t???c m???i: L???ch ngh??? l??? 30/04","Vui l??ng ?????c th??ng b??o m???i nh???t v??? l???ch ngh??? l??? 30/04 v?? 01/05.",1,11,,0,,CAO,NEWS,1,,,"2024-04-15 08:05:00"
267,SYSTEM,"Tin t???c m???i: L???ch ngh??? l??? 30/04","Vui l??ng ?????c th??ng b??o m???i nh???t v??? l???ch ngh??? l??? 30/04 v?? 01/05.",1,12,,0,,CAO,NEWS,1,,,"2024-04-15 08:05:00"
268,SYSTEM,"Tin t???c m???i: L???ch ngh??? l??? 30/04","Vui l??ng ?????c th??ng b??o m???i nh???t v??? l???ch ngh??? l??? 30/04 v?? 01/05.",1,13,,0,,CAO,NEWS,1,,,"2024-04-15 08:05:00"
269,SYSTEM,"Tin t???c m???i: L???ch ngh??? l??? 30/04","Vui l??ng ?????c th??ng b??o m???i nh???t v??? l???ch ngh??? l??? 30/04 v?? 01/05.",1,14,,0,,CAO,NEWS,1,,,"2024-04-15 08:05:00"
270,SYSTEM,"Tin t???c m???i: L???ch ngh??? l??? 30/04","Vui l??ng ?????c th??ng b??o m???i nh???t v??? l???ch ngh??? l??? 30/04 v?? 01/05.",1,15,,1,"2024-04-15 10:05:00",CAO,NEWS,1,,,"2024-04-15 08:05:00"
271,SYSTEM,"Tin t???c m???i: L???ch ngh??? l??? 30/04","Vui l??ng ?????c th??ng b??o m???i nh???t v??? l???ch ngh??? l??? 30/04 v?? 01/05.",1,16,,0,,CAO,NEWS,1,,,"2024-04-15 08:05:00"
272,SYSTEM,"Tin t???c m???i: L???ch ngh??? l??? 30/04","Vui l??ng ?????c th??ng b??o m???i nh???t v??? l???ch ngh??? l??? 30/04 v?? 01/05.",1,17,,0,,CAO,NEWS,1,,,"2024-04-15 08:05:00"
273,SYSTEM,"Tin t???c m???i: L???ch ngh??? l??? 30/04","Vui l??ng ?????c th??ng b??o m???i nh???t v??? l???ch ngh??? l??? 30/04 v?? 01/05.",1,18,,0,,CAO,NEWS,1,,,"2024-04-15 08:05:00"
274,SYSTEM,"Tin t???c m???i: L???ch ngh??? l??? 30/04","Vui l??ng ?????c th??ng b??o m???i nh???t v??? l???ch ngh??? l??? 30/04 v?? 01/05.",1,19,,0,,CAO,NEWS,1,,,"2024-04-15 08:05:00"
275,SYSTEM,"Tin t???c m???i: L???ch ngh??? l??? 30/04","Vui l??ng ?????c th??ng b??o m???i nh???t v??? l???ch ngh??? l??? 30/04 v?? 01/05.",1,20,,1,"2024-04-15 10:05:00",CAO,NEWS,1,,,"2024-04-15 08:05:00"
276,SYSTEM,"Tin t???c m???i: L???ch ngh??? l??? 30/04","Vui l??ng ?????c th??ng b??o m???i nh???t v??? l???ch ngh??? l??? 30/04 v?? 01/05.",1,21,,0,,CAO,NEWS,1,,,"2024-04-15 08:05:00"
277,SYSTEM,"Tin t???c m???i: L???ch ngh??? l??? 30/04","Vui l??ng ?????c th??ng b??o m???i nh???t v??? l???ch ngh??? l??? 30/04 v?? 01/05.",1,22,,0,,CAO,NEWS,1,,,"2024-04-15 08:05:00"
278,SYSTEM,"Tin t???c m???i: L???ch ngh??? l??? 30/04","Vui l??ng ?????c th??ng b??o m???i nh???t v??? l???ch ngh??? l??? 30/04 v?? 01/05.",1,23,,0,,CAO,NEWS,1,,,"2024-04-15 08:05:00"
279,SYSTEM,"Tin t???c m???i: L???ch ngh??? l??? 30/04","Vui l??ng ?????c th??ng b??o m???i nh???t v??? l???ch ngh??? l??? 30/04 v?? 01/05.",1,24,,0,,CAO,NEWS,1,,,"2024-04-15 08:05:00"
280,SYSTEM,"Tin t???c m???i: L???ch ngh??? l??? 30/04","Vui l??ng ?????c th??ng b??o m???i nh???t v??? l???ch ngh??? l??? 30/04 v?? 01/05.",1,25,,1,"2024-04-15 10:05:00",CAO,NEWS,1,,,"2024-04-15 08:05:00"
281,SYSTEM,"Tin t???c m???i: L???ch ngh??? l??? 30/04","Vui l??ng ?????c th??ng b??o m???i nh???t v??? l???ch ngh??? l??? 30/04 v?? 01/05.",1,26,,0,,CAO,NEWS,1,,,"2024-04-15 08:05:00"
282,SYSTEM,"Tin t???c m???i: L???ch ngh??? l??? 30/04","Vui l??ng ?????c th??ng b??o m???i nh???t v??? l???ch ngh??? l??? 30/04 v?? 01/05.",1,27,,0,,CAO,NEWS,1,,,"2024-04-15 08:05:00"
283,SYSTEM,"Tin t???c m???i: L???ch ngh??? l??? 30/04","Vui l??ng ?????c th??ng b??o m???i nh???t v??? l???ch ngh??? l??? 30/04 v?? 01/05.",1,28,,0,,CAO,NEWS,1,,,"2024-04-15 08:05:00"
284,SYSTEM,"Tin t???c m???i: L???ch ngh??? l??? 30/04","Vui l??ng ?????c th??ng b??o m???i nh???t v??? l???ch ngh??? l??? 30/04 v?? 01/05.",1,30,,0,,CAO,NEWS,1,,,"2024-04-15 08:05:00"
285,SYSTEM,"Tin t???c m???i: L???ch ngh??? l??? 30/04","Vui l??ng ?????c th??ng b??o m???i nh???t v??? l???ch ngh??? l??? 30/04 v?? 01/05.",1,31,,1,"2024-04-15 10:05:00",CAO,NEWS,1,,,"2024-04-15 08:05:00"
286,SYSTEM,"Tin t???c m???i: L???ch ngh??? l??? 30/04","Vui l??ng ?????c th??ng b??o m???i nh???t v??? l???ch ngh??? l??? 30/04 v?? 01/05.",1,32,,0,,CAO,NEWS,1,,,"2024-04-15 08:05:00"
287,SYSTEM,"Tin t???c m???i: L???ch ngh??? l??? 30/04","Vui l??ng ?????c th??ng b??o m???i nh???t v??? l???ch ngh??? l??? 30/04 v?? 01/05.",1,33,,0,,CAO,NEWS,1,,,"2024-04-15 08:05:00"
288,SYSTEM,"Tin t???c m???i: L???ch ngh??? l??? 30/04","Vui l??ng ?????c th??ng b??o m???i nh???t v??? l???ch ngh??? l??? 30/04 v?? 01/05.",1,34,,0,,CAO,NEWS,1,,,"2024-04-15 08:05:00"
289,SYSTEM,"Tin t???c m???i: L???ch ngh??? l??? 30/04","Vui l??ng ?????c th??ng b??o m???i nh???t v??? l???ch ngh??? l??? 30/04 v?? 01/05.",1,35,,0,,CAO,NEWS,1,,,"2024-04-15 08:05:00"
290,SYSTEM,"Tin t???c m???i: L???ch ngh??? l??? 30/04","Vui l??ng ?????c th??ng b??o m???i nh???t v??? l???ch ngh??? l??? 30/04 v?? 01/05.",1,36,,1,"2024-04-15 10:05:00",CAO,NEWS,1,,,"2024-04-15 08:05:00"
291,SYSTEM,"Tin t???c m???i: L???ch ngh??? l??? 30/04","Vui l??ng ?????c th??ng b??o m???i nh???t v??? l???ch ngh??? l??? 30/04 v?? 01/05.",1,37,,0,,CAO,NEWS,1,,,"2024-04-15 08:05:00"
292,SYSTEM,"Tin t???c m???i: L???ch ngh??? l??? 30/04","Vui l??ng ?????c th??ng b??o m???i nh???t v??? l???ch ngh??? l??? 30/04 v?? 01/05.",1,38,,0,,CAO,NEWS,1,,,"2024-04-15 08:05:00"
293,SYSTEM,"Tin t???c m???i: L???ch ngh??? l??? 30/04","Vui l??ng ?????c th??ng b??o m???i nh???t v??? l???ch ngh??? l??? 30/04 v?? 01/05.",1,40,,0,,CAO,NEWS,1,,,"2024-04-15 08:05:00"
294,SYSTEM,"Tin t???c m???i: L???ch ngh??? l??? 30/04","Vui l??ng ?????c th??ng b??o m???i nh???t v??? l???ch ngh??? l??? 30/04 v?? 01/05.",1,41,,0,,CAO,NEWS,1,,,"2024-04-15 08:05:00"
295,SYSTEM,"Tin t???c m???i: L???ch ngh??? l??? 30/04","Vui l??ng ?????c th??ng b??o m???i nh???t v??? l???ch ngh??? l??? 30/04 v?? 01/05.",1,42,,1,"2024-04-15 10:05:00",CAO,NEWS,1,,,"2024-04-15 08:05:00"
296,SYSTEM,"Tin t???c m???i: L???ch ngh??? l??? 30/04","Vui l??ng ?????c th??ng b??o m???i nh???t v??? l???ch ngh??? l??? 30/04 v?? 01/05.",1,43,,0,,CAO,NEWS,1,,,"2024-04-15 08:05:00"
297,SYSTEM,"Tin t???c m???i: L???ch ngh??? l??? 30/04","Vui l??ng ?????c th??ng b??o m???i nh???t v??? l???ch ngh??? l??? 30/04 v?? 01/05.",1,44,,0,,CAO,NEWS,1,,,"2024-04-15 08:05:00"
298,SYSTEM,"Tin t???c m???i: L???ch ngh??? l??? 30/04","Vui l??ng ?????c th??ng b??o m???i nh???t v??? l???ch ngh??? l??? 30/04 v?? 01/05.",1,45,,0,,CAO,NEWS,1,,,"2024-04-15 08:05:00"
299,SYSTEM,"Tin t???c m???i: L???ch ngh??? l??? 30/04","Vui l??ng ?????c th??ng b??o m???i nh???t v??? l???ch ngh??? l??? 30/04 v?? 01/05.",1,46,,0,,CAO,NEWS,1,,,"2024-04-15 08:05:00"
300,SYSTEM,"Tin t???c m???i: L???ch ngh??? l??? 30/04","Vui l??ng ?????c th??ng b??o m???i nh???t v??? l???ch ngh??? l??? 30/04 v?? 01/05.",1,47,,1,"2024-04-15 10:05:00",CAO,NEWS,1,,,"2024-04-15 08:05:00"
301,SYSTEM,"Tin t???c m???i: L???ch ngh??? l??? 30/04","Vui l??ng ?????c th??ng b??o m???i nh???t v??? l???ch ngh??? l??? 30/04 v?? 01/05.",1,48,,0,,CAO,NEWS,1,,,"2024-04-15 08:05:00"
302,SYSTEM,"Tin t???c m???i: L???ch ngh??? l??? 30/04","Vui l??ng ?????c th??ng b??o m???i nh???t v??? l???ch ngh??? l??? 30/04 v?? 01/05.",1,49,,0,,CAO,NEWS,1,,,"2024-04-15 08:05:00"
303,SYSTEM,"Tin t???c m???i: L???ch ngh??? l??? 30/04","Vui l??ng ?????c th??ng b??o m???i nh???t v??? l???ch ngh??? l??? 30/04 v?? 01/05.",1,50,,0,,CAO,NEWS,1,,,"2024-04-15 08:05:00"
304,SYSTEM,"Tin t???c m???i: L???ch ngh??? l??? 30/04","Vui l??ng ?????c th??ng b??o m???i nh???t v??? l???ch ngh??? l??? 30/04 v?? 01/05.",1,51,,0,,CAO,NEWS,1,,,"2024-04-15 08:05:00"
305,SYSTEM,"Tin t???c m???i: L???ch ngh??? l??? 30/04","Vui l??ng ?????c th??ng b??o m???i nh???t v??? l???ch ngh??? l??? 30/04 v?? 01/05.",1,53,,1,"2024-04-15 10:05:00",CAO,NEWS,1,,,"2024-04-15 08:05:00"
306,SYSTEM,"Tin t???c m???i: L???ch ngh??? l??? 30/04","Vui l??ng ?????c th??ng b??o m???i nh???t v??? l???ch ngh??? l??? 30/04 v?? 01/05.",1,54,,0,,CAO,NEWS,1,,,"2024-04-15 08:05:00"
307,SYSTEM,"Tin t???c m???i: L???ch ngh??? l??? 30/04","Vui l??ng ?????c th??ng b??o m???i nh???t v??? l???ch ngh??? l??? 30/04 v?? 01/05.",1,55,,0,,CAO,NEWS,1,,,"2024-04-15 08:05:00"
308,SYSTEM,"Tin t???c m???i: L???ch ngh??? l??? 30/04","Vui l??ng ?????c th??ng b??o m???i nh???t v??? l???ch ngh??? l??? 30/04 v?? 01/05.",1,56,,0,,CAO,NEWS,1,,,"2024-04-15 08:05:00"
309,SYSTEM,"Tin t???c m???i: L???ch ngh??? l??? 30/04","Vui l??ng ?????c th??ng b??o m???i nh???t v??? l???ch ngh??? l??? 30/04 v?? 01/05.",1,57,,0,,CAO,NEWS,1,,,"2024-04-15 08:05:00"
310,SYSTEM,"Tin t???c m???i: L???ch ngh??? l??? 30/04","Vui l??ng ?????c th??ng b??o m???i nh???t v??? l???ch ngh??? l??? 30/04 v?? 01/05.",1,58,,1,"2024-04-15 10:05:00",CAO,NEWS,1,,,"2024-04-15 08:05:00"
311,SYSTEM,"Tin t???c m???i: L???ch ngh??? l??? 30/04","Vui l??ng ?????c th??ng b??o m???i nh???t v??? l???ch ngh??? l??? 30/04 v?? 01/05.",1,59,,0,,CAO,NEWS,1,,,"2024-04-15 08:05:00"
312,SYSTEM,"Tin t???c m???i: L???ch ngh??? l??? 30/04","Vui l??ng ?????c th??ng b??o m???i nh???t v??? l???ch ngh??? l??? 30/04 v?? 01/05.",1,60,,0,,CAO,NEWS,1,,,"2024-04-15 08:05:00"
313,SYSTEM,"Tin t???c m???i: L???ch ngh??? l??? 30/04","Vui l??ng ?????c th??ng b??o m???i nh???t v??? l???ch ngh??? l??? 30/04 v?? 01/05.",1,61,,0,,CAO,NEWS,1,,,"2024-04-15 08:05:00"
314,SYSTEM,"Tin t???c m???i: L???ch ngh??? l??? 30/04","Vui l??ng ?????c th??ng b??o m???i nh???t v??? l???ch ngh??? l??? 30/04 v?? 01/05.",1,63,,0,,CAO,NEWS,1,,,"2024-04-15 08:05:00"
315,SYSTEM,"Tin t???c m???i: L???ch ngh??? l??? 30/04","Vui l??ng ?????c th??ng b??o m???i nh???t v??? l???ch ngh??? l??? 30/04 v?? 01/05.",1,64,,1,"2024-04-15 10:05:00",CAO,NEWS,1,,,"2024-04-15 08:05:00"
316,SYSTEM,"Tin t???c m???i: L???ch ngh??? l??? 30/04","Vui l??ng ?????c th??ng b??o m???i nh???t v??? l???ch ngh??? l??? 30/04 v?? 01/05.",1,65,,0,,CAO,NEWS,1,,,"2024-04-15 08:05:00"
317,SYSTEM,"Tin t???c m???i: L???ch ngh??? l??? 30/04","Vui l??ng ?????c th??ng b??o m???i nh???t v??? l???ch ngh??? l??? 30/04 v?? 01/05.",1,66,,0,,CAO,NEWS,1,,,"2024-04-15 08:05:00"
318,SYSTEM,"Tin t???c m???i: L???ch ngh??? l??? 30/04","Vui l??ng ?????c th??ng b??o m???i nh???t v??? l???ch ngh??? l??? 30/04 v?? 01/05.",1,67,,0,,CAO,NEWS,1,,,"2024-04-15 08:05:00"
319,SYSTEM,"Tin t???c m???i: L???ch ngh??? l??? 30/04","Vui l??ng ?????c th??ng b??o m???i nh???t v??? l???ch ngh??? l??? 30/04 v?? 01/05.",1,68,,0,,CAO,NEWS,1,,,"2024-04-15 08:05:00"
320,SYSTEM,"Tin t???c m???i: L???ch ngh??? l??? 30/04","Vui l??ng ?????c th??ng b??o m???i nh???t v??? l???ch ngh??? l??? 30/04 v?? 01/05.",1,69,,1,"2024-04-15 10:05:00",CAO,NEWS,1,,,"2024-04-15 08:05:00"
321,SYSTEM,"Tin t???c m???i: L???ch ngh??? l??? 30/04","Vui l??ng ?????c th??ng b??o m???i nh???t v??? l???ch ngh??? l??? 30/04 v?? 01/05.",1,70,,0,,CAO,NEWS,1,,,"2024-04-15 08:05:00"
322,SYSTEM,"Tin t???c m???i: L???ch ngh??? l??? 30/04","Vui l??ng ?????c th??ng b??o m???i nh???t v??? l???ch ngh??? l??? 30/04 v?? 01/05.",1,71,,0,,CAO,NEWS,1,,,"2024-04-15 08:05:00"
323,SYSTEM,"Tin t???c m???i: L???ch ngh??? l??? 30/04","Vui l??ng ?????c th??ng b??o m???i nh???t v??? l???ch ngh??? l??? 30/04 v?? 01/05.",1,72,,0,,CAO,NEWS,1,,,"2024-04-15 08:05:00"
324,SYSTEM,"Tin t???c m???i: L???ch ngh??? l??? 30/04","Vui l??ng ?????c th??ng b??o m???i nh???t v??? l???ch ngh??? l??? 30/04 v?? 01/05.",1,74,,0,,CAO,NEWS,1,,,"2024-04-15 08:05:00"
325,SYSTEM,"Tin t???c m???i: L???ch ngh??? l??? 30/04","Vui l??ng ?????c th??ng b??o m???i nh???t v??? l???ch ngh??? l??? 30/04 v?? 01/05.",1,75,,1,"2024-04-15 10:05:00",CAO,NEWS,1,,,"2024-04-15 08:05:00"
326,SYSTEM,"Tin t???c m???i: L???ch ngh??? l??? 30/04","Vui l??ng ?????c th??ng b??o m???i nh???t v??? l???ch ngh??? l??? 30/04 v?? 01/05.",1,76,,0,,CAO,NEWS,1,,,"2024-04-15 08:05:00"
327,SYSTEM,"Tin t???c m???i: L???ch ngh??? l??? 30/04","Vui l??ng ?????c th??ng b??o m???i nh???t v??? l???ch ngh??? l??? 30/04 v?? 01/05.",1,77,,0,,CAO,NEWS,1,,,"2024-04-15 08:05:00"
328,SYSTEM,"Tin t???c m???i: L???ch ngh??? l??? 30/04","Vui l??ng ?????c th??ng b??o m???i nh???t v??? l???ch ngh??? l??? 30/04 v?? 01/05.",1,78,,0,,CAO,NEWS,1,,,"2024-04-15 08:05:00"
329,SYSTEM,"Tin t???c m???i: L???ch ngh??? l??? 30/04","Vui l??ng ?????c th??ng b??o m???i nh???t v??? l???ch ngh??? l??? 30/04 v?? 01/05.",1,79,,0,,CAO,NEWS,1,,,"2024-04-15 08:05:00"
330,SYSTEM,"Tin t???c m???i: L???ch ngh??? l??? 30/04","Vui l??ng ?????c th??ng b??o m???i nh???t v??? l???ch ngh??? l??? 30/04 v?? 01/05.",1,80,,1,"2024-04-15 10:05:00",CAO,NEWS,1,,,"2024-04-15 08:05:00"
331,SYSTEM,"Tin t???c m???i: L???ch ngh??? l??? 30/04","Vui l??ng ?????c th??ng b??o m???i nh???t v??? l???ch ngh??? l??? 30/04 v?? 01/05.",1,81,,0,,CAO,NEWS,1,,,"2024-04-15 08:05:00"
332,SYSTEM,"Tin t???c m???i: L???ch ngh??? l??? 30/04","Vui l??ng ?????c th??ng b??o m???i nh???t v??? l???ch ngh??? l??? 30/04 v?? 01/05.",1,82,,0,,CAO,NEWS,1,,,"2024-04-15 08:05:00"
333,SYSTEM,"Tin t???c m???i: L???ch ngh??? l??? 30/04","Vui l??ng ?????c th??ng b??o m???i nh???t v??? l???ch ngh??? l??? 30/04 v?? 01/05.",1,83,,0,,CAO,NEWS,1,,,"2024-04-15 08:05:00"
334,SYSTEM,"Tin t???c m???i: L???ch ngh??? l??? 30/04","Vui l??ng ?????c th??ng b??o m???i nh???t v??? l???ch ngh??? l??? 30/04 v?? 01/05.",1,84,,0,,CAO,NEWS,1,,,"2024-04-15 08:05:00"
335,SYSTEM,"Tin t???c m???i: L???ch ngh??? l??? 30/04","Vui l??ng ?????c th??ng b??o m???i nh???t v??? l???ch ngh??? l??? 30/04 v?? 01/05.",1,85,,1,"2024-04-15 10:05:00",CAO,NEWS,1,,,"2024-04-15 08:05:00"
336,SYSTEM,"Tin t???c m???i: L???ch ngh??? l??? 30/04","Vui l??ng ?????c th??ng b??o m???i nh???t v??? l???ch ngh??? l??? 30/04 v?? 01/05.",1,86,,0,,CAO,NEWS,1,,,"2024-04-15 08:05:00"
337,SYSTEM,"Tin t???c m???i: L???ch ngh??? l??? 30/04","Vui l??ng ?????c th??ng b??o m???i nh???t v??? l???ch ngh??? l??? 30/04 v?? 01/05.",1,87,,0,,CAO,NEWS,1,,,"2024-04-15 08:05:00"
338,SYSTEM,"Tin t???c m???i: L???ch ngh??? l??? 30/04","Vui l??ng ?????c th??ng b??o m???i nh???t v??? l???ch ngh??? l??? 30/04 v?? 01/05.",1,88,,0,,CAO,NEWS,1,,,"2024-04-15 08:05:00"
339,SYSTEM,"Tin t???c m???i: L???ch ngh??? l??? 30/04","Vui l??ng ?????c th??ng b??o m???i nh???t v??? l???ch ngh??? l??? 30/04 v?? 01/05.",1,89,,0,,CAO,NEWS,1,,,"2024-04-15 08:05:00"
340,SYSTEM,"Tin t???c m???i: L???ch ngh??? l??? 30/04","Vui l??ng ?????c th??ng b??o m???i nh???t v??? l???ch ngh??? l??? 30/04 v?? 01/05.",1,90,,1,"2024-04-15 10:05:00",CAO,NEWS,1,,,"2024-04-15 08:05:00"
341,SYSTEM,"Tin t???c m???i: L???ch ngh??? l??? 30/04","Vui l??ng ?????c th??ng b??o m???i nh???t v??? l???ch ngh??? l??? 30/04 v?? 01/05.",1,91,,0,,CAO,NEWS,1,,,"2024-04-15 08:05:00"
342,SYSTEM,"Tin t???c m???i: L???ch ngh??? l??? 30/04","Vui l??ng ?????c th??ng b??o m???i nh???t v??? l???ch ngh??? l??? 30/04 v?? 01/05.",1,93,,0,,CAO,NEWS,1,,,"2024-04-15 08:05:00"
343,SYSTEM,"Tin t???c m???i: L???ch ngh??? l??? 30/04","Vui l??ng ?????c th??ng b??o m???i nh???t v??? l???ch ngh??? l??? 30/04 v?? 01/05.",1,94,,0,,CAO,NEWS,1,,,"2024-04-15 08:05:00"
344,SYSTEM,"Tin t???c m???i: L???ch ngh??? l??? 30/04","Vui l??ng ?????c th??ng b??o m???i nh???t v??? l???ch ngh??? l??? 30/04 v?? 01/05.",1,95,,0,,CAO,NEWS,1,,,"2024-04-15 08:05:00"
345,SYSTEM,"Tin t???c m???i: L???ch ngh??? l??? 30/04","Vui l??ng ?????c th??ng b??o m???i nh???t v??? l???ch ngh??? l??? 30/04 v?? 01/05.",1,96,,1,"2024-04-15 10:05:00",CAO,NEWS,1,,,"2024-04-15 08:05:00"
346,SYSTEM,"Tin t???c m???i: L???ch ngh??? l??? 30/04","Vui l??ng ?????c th??ng b??o m???i nh???t v??? l???ch ngh??? l??? 30/04 v?? 01/05.",1,97,,0,,CAO,NEWS,1,,,"2024-04-15 08:05:00"
347,SYSTEM,"Tin t???c m???i: L???ch ngh??? l??? 30/04","Vui l??ng ?????c th??ng b??o m???i nh???t v??? l???ch ngh??? l??? 30/04 v?? 01/05.",1,98,,0,,CAO,NEWS,1,,,"2024-04-15 08:05:00"
348,SYSTEM,"Tin t???c m???i: L???ch ngh??? l??? 30/04","Vui l??ng ?????c th??ng b??o m???i nh???t v??? l???ch ngh??? l??? 30/04 v?? 01/05.",1,99,,0,,CAO,NEWS,1,,,"2024-04-15 08:05:00"
349,SYSTEM,"Tin t???c m???i: L???ch ngh??? l??? 30/04","Vui l??ng ?????c th??ng b??o m???i nh???t v??? l???ch ngh??? l??? 30/04 v?? 01/05.",1,100,,0,,CAO,NEWS,1,,,"2024-04-15 08:05:00"
350,SYSTEM,"Tin t???c m???i: L???ch ngh??? l??? 30/04","Vui l??ng ?????c th??ng b??o m???i nh???t v??? l???ch ngh??? l??? 30/04 v?? 01/05.",1,101,,1,"2024-04-15 10:05:00",CAO,NEWS,1,,,"2024-04-15 08:05:00"
351,SYSTEM,"Tin t???c m???i: L???ch ngh??? l??? 30/04","Vui l??ng ?????c th??ng b??o m???i nh???t v??? l???ch ngh??? l??? 30/04 v?? 01/05.",1,102,,0,,CAO,NEWS,1,,,"2024-04-15 08:05:00"
352,SYSTEM,"Tin t???c m???i: L???ch ngh??? l??? 30/04","Vui l??ng ?????c th??ng b??o m???i nh???t v??? l???ch ngh??? l??? 30/04 v?? 01/05.",1,103,,0,,CAO,NEWS,1,,,"2024-04-15 08:05:00"
353,SYSTEM,"Tin t???c m???i: L???ch ngh??? l??? 30/04","Vui l??ng ?????c th??ng b??o m???i nh???t v??? l???ch ngh??? l??? 30/04 v?? 01/05.",1,104,,0,,CAO,NEWS,1,,,"2024-04-15 08:05:00"
354,SYSTEM,"Tin t???c m???i: L???ch ngh??? l??? 30/04","Vui l??ng ?????c th??ng b??o m???i nh???t v??? l???ch ngh??? l??? 30/04 v?? 01/05.",1,105,,0,,CAO,NEWS,1,,,"2024-04-15 08:05:00"
355,SYSTEM,"Tin t???c m???i: L???ch ngh??? l??? 30/04","Vui l??ng ?????c th??ng b??o m???i nh???t v??? l???ch ngh??? l??? 30/04 v?? 01/05.",1,106,,1,"2024-04-15 10:05:00",CAO,NEWS,1,,,"2024-04-15 08:05:00"
356,SYSTEM,"Tin t???c m???i: L???ch ngh??? l??? 30/04","Vui l??ng ?????c th??ng b??o m???i nh???t v??? l???ch ngh??? l??? 30/04 v?? 01/05.",1,107,,0,,CAO,NEWS,1,,,"2024-04-15 08:05:00"
357,SYSTEM,"Tin t???c m???i: L???ch ngh??? l??? 30/04","Vui l??ng ?????c th??ng b??o m???i nh???t v??? l???ch ngh??? l??? 30/04 v?? 01/05.",1,108,,0,,CAO,NEWS,1,,,"2024-04-15 08:05:00"
358,SYSTEM,"Tin t???c m???i: L???ch ngh??? l??? 30/04","Vui l??ng ?????c th??ng b??o m???i nh???t v??? l???ch ngh??? l??? 30/04 v?? 01/05.",1,109,,0,,CAO,NEWS,1,,,"2024-04-15 08:05:00"
359,SYSTEM,"Tin t???c m???i: L???ch ngh??? l??? 30/04","Vui l??ng ?????c th??ng b??o m???i nh???t v??? l???ch ngh??? l??? 30/04 v?? 01/05.",1,110,,0,,CAO,NEWS,1,,,"2024-04-15 08:05:00"
360,SYSTEM,"Tin t???c m???i: L???ch ngh??? l??? 30/04","Vui l??ng ?????c th??ng b??o m???i nh???t v??? l???ch ngh??? l??? 30/04 v?? 01/05.",1,111,,1,"2024-04-15 10:05:00",CAO,NEWS,1,,,"2024-04-15 08:05:00"
361,SYSTEM,"Tin t???c m???i: L???ch ngh??? l??? 30/04","Vui l??ng ?????c th??ng b??o m???i nh???t v??? l???ch ngh??? l??? 30/04 v?? 01/05.",1,112,,0,,CAO,NEWS,1,,,"2024-04-15 08:05:00"
362,SYSTEM,"Tin t???c m???i: L???ch ngh??? l??? 30/04","Vui l??ng ?????c th??ng b??o m???i nh???t v??? l???ch ngh??? l??? 30/04 v?? 01/05.",1,114,,0,,CAO,NEWS,1,,,"2024-04-15 08:05:00"
363,SYSTEM,"Tin t???c m???i: L???ch ngh??? l??? 30/04","Vui l??ng ?????c th??ng b??o m???i nh???t v??? l???ch ngh??? l??? 30/04 v?? 01/05.",1,115,,0,,CAO,NEWS,1,,,"2024-04-15 08:05:00"
364,SYSTEM,"Tin t???c m???i: L???ch ngh??? l??? 30/04","Vui l??ng ?????c th??ng b??o m???i nh???t v??? l???ch ngh??? l??? 30/04 v?? 01/05.",1,116,,0,,CAO,NEWS,1,,,"2024-04-15 08:05:00"
365,SYSTEM,"Tin t???c m???i: L???ch ngh??? l??? 30/04","Vui l??ng ?????c th??ng b??o m???i nh???t v??? l???ch ngh??? l??? 30/04 v?? 01/05.",1,117,,1,"2024-04-15 10:05:00",CAO,NEWS,1,,,"2024-04-15 08:05:00"
366,SYSTEM,"Tin t???c m???i: L???ch ngh??? l??? 30/04","Vui l??ng ?????c th??ng b??o m???i nh???t v??? l???ch ngh??? l??? 30/04 v?? 01/05.",1,118,,0,,CAO,NEWS,1,,,"2024-04-15 08:05:00"
367,SYSTEM,"Tin t???c m???i: L???ch ngh??? l??? 30/04","Vui l??ng ?????c th??ng b??o m???i nh???t v??? l???ch ngh??? l??? 30/04 v?? 01/05.",1,119,,0,,CAO,NEWS,1,,,"2024-04-15 08:05:00"
368,SYSTEM,"Tin t???c m???i: L???ch ngh??? l??? 30/04","Vui l??ng ?????c th??ng b??o m???i nh???t v??? l???ch ngh??? l??? 30/04 v?? 01/05.",1,120,,0,,CAO,NEWS,1,,,"2024-04-15 08:05:00"
369,SYSTEM,"Tin t???c m???i: L???ch ngh??? l??? 30/04","Vui l??ng ?????c th??ng b??o m???i nh???t v??? l???ch ngh??? l??? 30/04 v?? 01/05.",1,121,,0,,CAO,NEWS,1,,,"2024-04-15 08:05:00"
370,SYSTEM,"Tin t???c m???i: L???ch ngh??? l??? 30/04","Vui l??ng ?????c th??ng b??o m???i nh???t v??? l???ch ngh??? l??? 30/04 v?? 01/05.",1,122,,1,"2024-04-15 10:05:00",CAO,NEWS,1,,,"2024-04-15 08:05:00"
371,SYSTEM,"Tin t???c m???i: L???ch ngh??? l??? 30/04","Vui l??ng ?????c th??ng b??o m???i nh???t v??? l???ch ngh??? l??? 30/04 v?? 01/05.",1,124,,0,,CAO,NEWS,1,,,"2024-04-15 08:05:00"
372,SYSTEM,"Tin t???c m???i: L???ch ngh??? l??? 30/04","Vui l??ng ?????c th??ng b??o m???i nh???t v??? l???ch ngh??? l??? 30/04 v?? 01/05.",1,125,,0,,CAO,NEWS,1,,,"2024-04-15 08:05:00"
373,SYSTEM,"Tin t???c m???i: L???ch ngh??? l??? 30/04","Vui l??ng ?????c th??ng b??o m???i nh???t v??? l???ch ngh??? l??? 30/04 v?? 01/05.",1,127,,0,,CAO,NEWS,1,,,"2024-04-15 08:05:00"
374,SYSTEM,"Tin t???c m???i: L???ch ngh??? l??? 30/04","Vui l??ng ?????c th??ng b??o m???i nh???t v??? l???ch ngh??? l??? 30/04 v?? 01/05.",1,128,,0,,CAO,NEWS,1,,,"2024-04-15 08:05:00"
375,SYSTEM,"Tin t???c m???i: L???ch ngh??? l??? 30/04","Vui l??ng ?????c th??ng b??o m???i nh???t v??? l???ch ngh??? l??? 30/04 v?? 01/05.",1,129,,1,"2024-04-15 10:05:00",CAO,NEWS,1,,,"2024-04-15 08:05:00"
376,SYSTEM,"Tin t???c m???i: L???ch ngh??? l??? 30/04","Vui l??ng ?????c th??ng b??o m???i nh???t v??? l???ch ngh??? l??? 30/04 v?? 01/05.",1,130,,0,,CAO,NEWS,1,,,"2024-04-15 08:05:00"
377,SYSTEM,"Tin t???c m???i: L???ch ngh??? l??? 30/04","Vui l??ng ?????c th??ng b??o m???i nh???t v??? l???ch ngh??? l??? 30/04 v?? 01/05.",1,29,,0,,CAO,NEWS,1,,,"2024-04-15 08:05:00"
378,SYSTEM,"Tin t???c m???i: L???ch ngh??? l??? 30/04","Vui l??ng ?????c th??ng b??o m???i nh???t v??? l???ch ngh??? l??? 30/04 v?? 01/05.",1,39,,0,,CAO,NEWS,1,,,"2024-04-15 08:05:00"
379,SYSTEM,"Tin t???c m???i: L???ch ngh??? l??? 30/04","Vui l??ng ?????c th??ng b??o m???i nh???t v??? l???ch ngh??? l??? 30/04 v?? 01/05.",1,52,,0,,CAO,NEWS,1,,,"2024-04-15 08:05:00"
380,SYSTEM,"Tin t???c m???i: L???ch ngh??? l??? 30/04","Vui l??ng ?????c th??ng b??o m???i nh???t v??? l???ch ngh??? l??? 30/04 v?? 01/05.",1,62,,1,"2024-04-15 10:05:00",CAO,NEWS,1,,,"2024-04-15 08:05:00"
381,SYSTEM,"Tin t???c m???i: L???ch ngh??? l??? 30/04","Vui l??ng ?????c th??ng b??o m???i nh???t v??? l???ch ngh??? l??? 30/04 v?? 01/05.",1,113,,0,,CAO,NEWS,1,,,"2024-04-15 08:05:00"
382,SYSTEM,"Tin t???c m???i: L???ch ngh??? l??? 30/04","Vui l??ng ?????c th??ng b??o m???i nh???t v??? l???ch ngh??? l??? 30/04 v?? 01/05.",1,126,,0,,CAO,NEWS,1,,,"2024-04-15 08:05:00"
383,SYSTEM,"Tin t???c m???i: L???ch ngh??? l??? 30/04","Vui l??ng ?????c th??ng b??o m???i nh???t v??? l???ch ngh??? l??? 30/04 v?? 01/05.",1,92,,0,,CAO,NEWS,1,,,"2024-04-15 08:05:00"
511,LEAVE,"????n xin ph??p ???????c duy???t","????n xin ngh??? ph??p c???a b???n ???? ???????c qu???n l?? ph?? duy???t.",1,21,,0,,TRUNG_B?NH,LEAVE_REQUEST,11,,,"2024-03-05 09:00:00"
512,LEAVE,"????n xin ph??p ???????c duy???t","????n xin ngh??? ph??p c???a b???n ???? ???????c qu???n l?? ph?? duy???t.",1,22,,0,,TRUNG_B?NH,LEAVE_REQUEST,12,,,"2024-03-05 09:00:00"
513,LEAVE,"????n xin ph??p ???????c duy???t","????n xin ngh??? ph??p c???a b???n ???? ???????c qu???n l?? ph?? duy???t.",1,23,,0,,TRUNG_B?NH,LEAVE_REQUEST,13,,,"2024-03-05 09:00:00"
514,LEAVE,"????n xin ph??p ???????c duy???t","????n xin ngh??? ph??p c???a b???n ???? ???????c qu???n l?? ph?? duy???t.",1,24,,0,,TRUNG_B?NH,LEAVE_REQUEST,14,,,"2024-03-05 09:00:00"
515,LEAVE,"????n xin ph??p ???????c duy???t","????n xin ngh??? ph??p c???a b???n ???? ???????c qu???n l?? ph?? duy???t.",1,25,,1,"2024-03-05 11:00:00",TRUNG_B?NH,LEAVE_REQUEST,15,,,"2024-03-05 09:00:00"
516,LEAVE,"????n xin ph??p ???????c duy???t","????n xin ngh??? ph??p c???a b???n ???? ???????c qu???n l?? ph?? duy???t.",1,26,,0,,TRUNG_B?NH,LEAVE_REQUEST,16,,,"2024-03-05 09:00:00"
517,LEAVE,"????n xin ph??p ???????c duy???t","????n xin ngh??? ph??p c???a b???n ???? ???????c qu???n l?? ph?? duy???t.",1,27,,0,,TRUNG_B?NH,LEAVE_REQUEST,17,,,"2024-03-05 09:00:00"
518,LEAVE,"????n xin ph??p ???????c duy???t","????n xin ngh??? ph??p c???a b???n ???? ???????c qu???n l?? ph?? duy???t.",1,28,,0,,TRUNG_B?NH,LEAVE_REQUEST,18,,,"2024-03-05 09:00:00"
519,LEAVE,"????n xin ph??p ???????c duy???t","????n xin ngh??? ph??p c???a b???n ???? ???????c qu???n l?? ph?? duy???t.",1,29,,0,,TRUNG_B?NH,LEAVE_REQUEST,19,,,"2024-03-05 09:00:00"
520,LEAVE,"????n xin ph??p ???????c duy???t","????n xin ngh??? ph??p c???a b???n ???? ???????c qu???n l?? ph?? duy???t.",1,30,,1,"2024-03-05 11:00:00",TRUNG_B?NH,LEAVE_REQUEST,20,,,"2024-03-05 09:00:00"
